month,smb,hml,umd,rf,rm,rmrf
1980m10,0.0000364,-0.07261682,0.04129683,0.011246101,0.060244985,0.04899888
1980m11,0.00616493,-0.01852717,0.00696386,0.010201686,0.008132894,-0.00206879
1980m12,0.00235637,-0.00167116,0.01586914,0.010252197,-0.044098113,-0.05435031
1981m1,0.02026328,0.00562219,0.01424536,0.009949167,-0.005982036,-0.0159312
1981m2,-0.00805504,0.02221654,0.00608652,0.00917517,0.057703449,0.04852828
1981m3,0.04768562,-0.01117393,0.02115283,0.009133121,0.02326654,0.01413342
1981m4,-0.00988139,0.07669707,-0.0683694,0.008922907,0.077022185,0.06809928
1981m5,0.04444705,-0.01160645,0.02243358,0.009074257,-0.045244509,-0.05431877
1981m6,-0.01701435,-0.02613062,0.07177751,0.009393848,0.020609503,0.01121566
1981m7,0.01027925,-0.01840889,0.01390542,0.010833259,0.001100605,-0.00973265
1981m8,-0.0240125,0.00406842,0.02667275,0.010378486,0.052322892,0.04194441
1981m9,0.01153225,0.03058684,-0.03228693,0.011802439,-0.163224954,-0.17502739
1981m10,0.00414804,-0.01088349,-0.01344999,0.012198806,0.033550539,0.02135173
1981m11,-0.03219194,0.02089796,0.00330574,0.010799566,0.106055409,0.09525584
1981m12,0.0297391,0.02043069,0.00939755,0.011557949,-0.001498876,-0.01305682
1982m1,0.00677975,0.04199374,0.02514037,0.010614269,0.061836545,0.05122228
1982m2,0.03408546,0.00133328,0.03677162,0.010445848,-0.037672069,-0.04811792
1982m3,-0.01374716,-0.01432566,-0.00489508,0.009873424,0.035619709,0.02574629
1982m4,-0.01341474,-0.01317134,-1.30E-06,0.010218523,0.009444319,-0.0007742
1982m5,-0.00723299,-0.00561746,0.04036714,0.009991249,0.033447191,0.02345594
1982m6,-0.00292305,-0.01083117,0.04354397,0.009688297,-0.038633914,-0.04832221
1982m7,0.0047621,-0.04745413,0.03191795,0.0087968,0.039458599,0.0306618
1982m8,-0.02902472,-0.00884551,0.01038469,0.007914489,0.033137202,0.02522271
1982m9,-0.01685531,-0.06743607,0.10438186,0.007948086,0.058761683,0.0508136
1982m10,-0.00725783,0.03184216,0.00250076,0.00707491,0.026340949,0.01926604
1982m11,0.03311322,-0.07309601,0.07047138,0.007973285,0.020099325,0.01212604
1982m12,-0.01289833,-0.00499058,-0.00282141,0.007763313,0.022550503,0.01478719
1983m1,0.02608607,0.05475615,-0.03006718,0.008687519,0.03790058,0.02921306
1983m2,0.02995182,-0.01073409,-0.00695311,0.008620276,0.015214581,0.00659431
1983m3,0.00411843,0.05621259,-0.02268868,0.008141295,0.035723278,0.02758198
1983m4,-0.02948415,0.04729225,-0.05266851,0.007729721,0.070579403,0.06284968
1983m5,-0.00870192,-0.00617171,-0.02217466,0.007738119,0.00020002,-0.0075381
1983m6,-0.00810348,0.02022712,0.00063896,0.007435843,0.051165974,0.04373013
1983m7,0.02393333,-0.00403947,0.04303878,0.007511404,-0.023030651,-0.03054205
1983m8,-0.01944574,0.03414794,0.03356662,0.007469425,0.013794275,0.00632485
1983m9,-0.0046675,0.01124318,0.00149215,0.007184016,-0.006776932,-0.01396095
1983m10,-0.01881216,0.037307,-0.02650421,0.00707491,-0.014296816,-0.02137173
1983m11,-0.0022108,0.00265613,0.022254,0.007100087,0.060138968,0.05303888
1983m12,-0.00455747,0.02420114,0.01104298,0.007083302,0.022652763,0.01556946
1984m1,0.00842558,0.04336253,0.0264665,0.007100087,0.069402417,0.06230233
1984m2,0.02168877,0.01279275,0.00304591,0.007091694,-0.012817152,-0.01990885
1984m3,-0.0299352,-0.00121378,0.01603896,0.006730885,0.066945616,0.06021473
1984m4,-0.02987512,0.00389963,0.01989614,0.006714106,0.023983078,0.01726897
1984m5,0.01453304,0.01581536,-0.02430453,0.007192409,-0.104076275,-0.11126868
1984m6,-0.00314333,0.03377913,-0.0081101,0.007100087,0.02623832,0.01913823
1984m7,-0.00115919,0.02498301,-0.01254443,0.009006988,-0.022346534,-0.03135352
1984m8,0.00420359,-0.00911285,-0.01628864,0.007922888,0.100428889,0.092506
1984m9,-0.00935101,-0.01865668,-0.00195623,0.007956486,0.033550539,0.02559405
1984m10,-0.00535138,0.0152022,0.02094513,0.007880892,0.018162976,0.01028208
1984m11,0.00890498,-0.0170814,0.04880069,0.007251163,0.034791546,0.02754038
1984m12,0.00088026,-0.00105396,0.03929704,0.007301527,0.062261368,0.05495984
1985m1,-0.0056799,0.02770506,0.02860767,0.009133121,0.040290501,0.03115738
1985m2,0.03020736,-0.00248675,0.00424881,0.01056374,-0.006975557,-0.0175393
1985m3,0.01982087,0.00400114,0.02259472,0.009755612,0.017043612,0.007288
1985m4,0.00102429,0.00330809,0.00015137,0.009419083,0.013388838,0.00396976
1985m5,0.005565,0.02851362,0.02081116,0.009343379,0.023164218,0.01382084
1985m6,-0.00934842,0.0508094,0.01382065,0.009461143,-0.057104671,-0.06656581
1985m7,0.0036823,-0.00040823,0.00497476,0.008721143,0.022346014,0.01362487
1985m8,-0.00376855,-0.00554802,0.00289139,0.008737955,0.069616314,0.06087836
1985m9,0.01588182,0.03662229,0.05017652,0.008737955,-0.0272226,-0.03596055
1985m10,0.00456269,-0.00255815,0.04343888,0.008838834,0.074762814,0.06592398
1985m11,-0.02106787,-0.01617122,0.00641312,0.008746361,0.04226893,0.03352257
1985m12,-0.00475763,0.02289749,-0.03542143,0.008864055,-0.015971088,-0.02483514
1986m1,0.02517495,0.03673678,-0.00248833,0.009562094,0.023368871,0.01380678
1986m2,-0.00284758,-0.02464302,0.01429938,0.009377025,0.081771524,0.0723945
1986m3,-0.01253125,-0.0012775,0.07942305,0.008544632,0.082853838,0.07430921
1986m4,0.06446004,0.00972533,-0.00909251,0.007855696,0.010454268,0.00259857
1986m5,0.01749225,0.02313521,0.00628539,0.007469425,-0.030524426,-0.03799385
1986m6,0.01094519,0.01435412,0.01011169,0.007444238,0.037278028,0.02983379
1986m7,0.02207925,0.00424623,-0.00554805,0.00761216,-0.050576195,-0.05818835
1986m8,-0.04546735,-0.01224789,-0.03028082,0.007469425,0.062048933,0.05457951
1986m9,0.01885196,0.03664857,0.0093831,0.007738119,-0.055783692,-0.06352181
1986m10,-0.00294197,0.0314265,-0.01713988,0.008401765,0.05358644,0.04518467
1986m11,0.01594992,0.02662328,-0.01435267,0.008485802,0.013388838,0.00490304
1986m12,0.00124297,0.03217289,-0.00938976,0.008468994,0.028190025,0.01972103
1987m1,0.01103578,0.0102801,0.0249952,0.008401765,0.084479341,0.07607758
1987m2,-0.01350255,-0.05271431,0.00100289,0.008124492,0.091442263,0.08331777
1987m3,0.04471848,0.04713652,0.02928288,0.007452634,0.020099325,0.01264669
1987m4,0.00194858,0.01573741,-0.01325408,0.007343499,0.026340949,0.01899745
1987m5,0.00535099,0.00226091,0.01443002,0.006814782,0.074870297,0.06805551
1987m6,0.06726263,0.04726884,0.0601596,0.007024557,0.05358644,0.04656188
1987m7,0.05192036,0.01943515,0.01512068,0.007158837,0.04508686,0.03792802
1987m8,-0.00475548,-0.0001004,-0.01235315,0.007872493,-0.043715676,-0.05158817
1987m9,-0.00095386,0.00527216,0.02582203,0.007796905,0.056857626,0.04906072
1987m10,0.02707259,0.06790376,-0.05910828,0.00710848,-0.263466082,-0.27057456
1987m11,-0.04728793,0.02865203,-0.01420271,0.006806392,-0.099045029,-0.10585142
1987m12,-0.00408953,0.01311931,-0.01963009,0.006596663,0.096803455,0.09020679
1988m1,0.01758005,-0.00255016,-0.00945506,0.006596663,0.056012475,0.04941581
1988m2,0.00915923,0.00477598,0.00943325,0.007058125,-0.004987521,-0.01204565
1988m3,0.01975217,0.0221653,0.02825535,0.006504396,-0.008860512,-0.01536491
1988m4,-0.0035372,0.00846153,0.00602774,0.006303115,0.038627366,0.03232425
1988m5,0.02318202,0.00113282,0.02891815,0.005774944,-0.001498876,-0.00727382
1988m6,0.0005721,-0.00027757,-0.02787061,0.007234376,0.046341715,0.03910734
1988m7,0.01696421,0.01662885,0.01869451,0.0081749,0.005816853,-0.00235805
1988m8,-0.00149763,0.01505751,0.01640154,0.009099484,-0.05237839,-0.06147787
1988m9,-0.0295048,0.01266142,0.0183409,0.009032213,0.04237316,0.03334095
1988m10,0.01622902,0.02585981,-0.00932939,0.009116303,0.024085481,0.01496918
1988m11,0.01058819,0.03189718,0.01536595,0.009923919,-0.029554466,-0.03947838
1988m12,-0.03919985,0.00530531,-0.00903727,0.009873424,-0.003493882,-0.01336731
1989m1,-0.03586315,-0.00038012,-0.03634154,0.009721954,0.142478477,0.13275652
1989m2,0.03812945,-0.01016452,0.03686631,0.009873424,-0.008166472,-0.0180399
1989m3,-0.0172534,-0.00811563,0.01548823,0.009780857,0.035826853,0.026046
1989m4,-0.01955155,-0.00522298,0.01364342,0.009663056,0.01643357,0.00677051
1989m5,-0.00681317,-0.00617179,0.02904731,0.010437427,0.00451014,-0.00592729
1989m6,-0.02018927,0.01268196,0.00653507,0.010698491,0.013388838,0.00269035
1989m7,-0.02521153,0.01690614,-0.00161029,0.010412167,0.06854723,0.05813506
1989m8,-0.03200743,-0.04804186,0.00836855,0.010496372,0.032517507,0.02202114
1989m9,0.0202215,0.01222037,-0.00926832,0.01056374,-0.028000511,-0.03856425
1989m10,-0.03641578,-0.01118978,0.02057941,0.01056374,-0.072349281,-0.08291302
1989m11,-0.04955011,-0.00866209,0.03270241,0.010572162,0.057386184,0.04681402
1989m12,-0.02870649,0.01990488,-0.00864027,0.011330374,0.061730369,0.05039999
1990m1,0.0336541,0.00179506,0.00914165,0.01131352,-0.027611634,-0.03892515
1990m2,-0.00711779,-0.01423928,0.02273678,0.011229247,-0.034684223,-0.04591347
1990m3,-0.02372201,-0.01242726,0.01796558,0.011414655,-0.002496878,-0.01391153
1990m4,0.0050701,0.00562575,-0.00496235,0.011439941,-0.06030507,-0.07174501
1990m5,-0.05498756,0.00604843,-0.0092795,0.011321948,0.110821685,0.09949974
1990m6,0.00832793,0.00330608,0.00998543,0.011212393,0.018774058,0.00756166
1990m7,0.00797521,0.01865915,0.0157256,0.01122082,-0.016757995,-0.02797882
1990m8,-0.04104752,0.01940555,0.01677939,0.011187113,-0.07964885,-0.09083596
1990m9,-0.01706117,-0.00867449,0.04667722,0.011153408,-0.080108911,-0.09126232
1990m10,-0.02296355,0.02223839,0.00818716,0.010327969,0.036552187,0.02622422
1990m11,-0.04090018,0.02849347,0.01671661,0.010008082,0.044459993,0.03445191
1990m12,-0.00099751,-0.01137735,0.00054251,0.010277454,0.004711062,-0.00556639
1991m1,-0.05565114,-0.0213856,0.00255083,0.010092253,0.008435379,-0.00165687
1991m2,0.06102919,0.01116258,-0.05705906,0.009536855,0.11438201,0.10484516
1991m3,0.05411022,-0.02524772,-0.02137707,0.00915835,0.041852107,0.03269376
1991m4,-0.00366284,-0.00974852,0.02202922,0.008864055,0.011869895,0.00300584
1991m5,-0.0224678,-0.02727421,0.02877308,0.008544632,0.003305451,-0.00523918
1991m6,-0.00893065,-0.02894964,0.01730068,0.008494206,-0.029748537,-0.03824274
1991m7,-0.05790897,-0.00501762,0.03824371,0.008317735,0.06854723,0.0602295
1991m8,0.02215365,-0.01118182,-0.00863796,0.008023685,0.030454533,0.02243085
1991m9,0.04753415,0.00807135,0.02594946,0.007746517,0.001801621,-0.0059449
1991m10,0.00656917,-0.04396871,0.0542651,0.007964886,-0.017642515,-0.0256074
1991m11,0.02316778,-0.04739225,0.02798034,0.008032086,-0.052283621,-0.06031571
1991m12,-0.06471811,-0.04190544,0.05543213,0.008116092,0.020303365,0.01218727
1992m1,0.00661615,-0.01831463,0.00795457,0.007880892,0.038004377,0.03012349
1992m2,0.0083622,-0.00397539,0.02795829,0.007771711,0.005615709,-0.002156
1992m3,-0.00298375,-0.01684558,0.01539587,0.008132894,-0.043237414,-0.05137031
1992m4,0.00575956,0.06054516,-0.04811912,0.007830499,0.098999262,0.09116876
1992m5,0.0310631,0.00196429,0.00284077,0.007536591,0.026546237,0.01900965
1992m6,-0.00168413,-0.00284432,0.06010189,0.007561781,-0.068817505,-0.07637929
1992m7,-0.04966549,-0.03890508,0.01416594,0.007679336,-0.056350051,-0.06402939
1992m8,-0.02114876,0.00070999,0.04013642,0.007738119,-0.036131111,-0.04386923
1992m9,-0.02577949,-0.01635135,-0.00111596,0.006613439,0.103955896,0.09734246
1992m10,-0.02228486,0.02348207,-0.02440713,0.005464878,0.045923263,0.04045838
1992m11,-0.00363909,0.00831012,0.0012533,0.005230297,0.048751072,0.04352077
1992m12,0.05564347,0.02382261,-0.02665691,0.005129779,0.042477405,0.03734763
1993m1,0.07582233,0.03351435,0.01913337,0.004953897,0.004008011,-0.00094589
1993m2,-0.00210049,0.04399987,-0.00135622,0.004401324,0.027162349,0.02276102
1993m3,0.00912344,0.03689435,0.01739428,0.004384584,0.011768712,0.00738413
1993m4,0.04094795,0.02839651,-0.02868115,0.004384584,-0.010346107,-0.01473069
1993m5,0.01320446,0.02255357,0.01404272,0.004267413,0.013794275,0.00952686
1993m6,0.00549481,0.02429882,0.02762835,0.004225569,0.023880685,0.01965512
1993m7,-0.01800358,0.02938565,0.03632358,0.004150255,0.014707101,0.01055685
1993m8,0.00729538,0.00524798,-0.00841679,0.004150255,0.064281582,0.06013133
1993m9,0.00906497,0.02730333,0.03213967,0.004225569,-0.016856316,-0.02108189
1993m10,-0.02161962,0.00189375,0.01088865,0.004083314,0.042164707,0.03808139
1993m11,-0.02485367,-0.00268092,0.00980567,0.004041478,-0.002696358,-0.00673784
1993m12,-0.00927055,0.00852468,0.0371867,0.003991277,0.083828846,0.07983757
1994m1,0.07038875,0.02219952,0.0128355,0.003957812,0.0407067,0.03674889
1994m2,0.03975554,0.0050953,-0.00963431,0.003849056,-0.038056923,-0.04190598
1994m3,-0.0099109,-0.00321718,0.00132143,0.004016377,-0.062088794,-0.06610517
1994m4,-0.00135491,-0.00025825,0.00641827,0.003949445,0.015214581,0.01126514
1994m5,0.01697913,0.0069232,-0.00458674,0.003915981,-0.048294842,-0.05221082
1994m6,-0.03717936,-0.00002088,-0.01064058,0.004008011,-0.020781035,-0.02478905
1994m7,-0.0249652,0.01337195,0.02158143,0.004551996,0.060032958,0.05548096
1994m8,-0.03394966,-0.0042752,-0.00296414,0.004359475,0.055801294,0.05144182
1994m9,0.02222644,0.00413577,0.01032637,0.004451546,-0.066766648,-0.07121819
1994m10,-0.02919201,0.00316705,0.01496992,0.004418064,0.019283571,0.01486551
1994m11,-0.00479859,-0.00904072,0.00372301,0.004644084,-0.002796084,-0.00744017
1994m12,-0.01392646,0.00024204,0.01292204,0.004803165,-0.00039992,-0.00520309
1995m1,0.00389849,0.00187439,0.00442016,0.004953897,-0.025567473,-0.03052137
1995m2,-0.01221765,-0.00918287,-0.00346479,0.005012521,0.00732671,0.00231419
1995m3,-0.01289417,-0.00712468,-0.01724358,0.004953897,0.043207395,0.0382535
1995m4,0.0006452,-0.00133797,0.01859704,0.005355959,0.02921873,0.02386277
1995m5,0.00888123,0.0064833,0.00699426,0.004928773,0.038108181,0.03317941
1995m6,-0.01481267,-0.02865422,0.03939537,0.005355959,-0.002097797,-0.00745376
1995m7,0.00186282,0.00768363,0.00011815,0.005339203,0.051271097,0.04593189
1995m8,0.01004396,-0.03373687,0.01950799,0.00531407,0.013997054,0.00868298
1995m9,0.01187556,-0.0339203,0.03046996,0.005288937,0.013388838,0.0080999
1995m10,-0.00391412,-0.04525714,0.05245412,0.005288937,0.002603383,-0.00268555
1995m11,-0.01633488,0.00335497,0.02161857,0.005163284,0.034067445,0.02890416
1995m12,-0.00960516,0.01076056,-0.00145716,0.005037647,0.012983564,0.00794592
1996m1,0.01639952,-0.00401987,0.00839753,0.004853407,0.024495196,0.01964179
1996m2,0.02423791,-0.0034403,0.00031503,0.004811538,0.001701446,-0.00311009
1996m3,0.02050945,0.0000492,-0.0001964,0.004711062,0.008939723,0.00422866
1996m4,0.0343858,-0.00213345,0.0074846,0.00470269,0.043207395,0.03850471
1996m5,0.0223232,-0.03041166,0.02853337,0.00473618,-0.012125882,-0.01686206
1996m6,-0.00768149,0.00080748,0.02481751,0.004526882,-0.012027089,-0.01655397
1996m7,-0.02892928,0.01255261,-0.01907156,0.004485028,-0.007471945,-0.01195697
1996m8,-0.00966471,-0.01035277,0.03555879,0.004485028,0.050010327,0.0455253
1996m9,-0.01084994,-0.00385923,0.01868775,0.00451014,0.018774058,0.01426392
1996m10,0.01289189,-0.01119855,0.02075985,0.00457711,0.008032086,0.00345498
1996m11,-0.02653149,0.01577872,-0.00907858,0.004970646,0.016738545,0.0117679
1996m12,-0.00800233,0.02275356,0.00359592,0.004995771,0.017348772,0.012353
1997m1,0.0377027,0.00190699,0.02752456,0.004811538,0.037796794,0.03298526
1997m2,0.00635043,-0.00211349,-0.01888347,0.004752926,0.011768712,0.00701579
1997m3,-0.02129368,0.0082016,-0.00443619,0.004895276,0.002603383,-0.00229189
1997m4,-0.0174824,0.00523873,0.02614582,0.004970646,0.021426316,0.01645567
1997m5,-0.03461551,0.02006578,0.03133319,0.005037647,0.033860652,0.02882301
1997m6,-0.02402757,0.01391284,0.02038352,0.00519679,-0.003892405,-0.00908919
1997m7,-0.05897541,0.01734457,0.02461214,0.005372715,0.050535464,0.04516275
1997m8,0.0393677,0.00481507,-0.0170447,0.005590569,-0.003992011,-0.00958258
1997m9,-0.02328342,-0.01750294,-0.00999152,0.005573809,0.081014552,0.07544074
1997m10,0.0331006,0.01383093,0.02844931,0.005573809,-0.064711274,-0.07028508
1997m11,-0.02206685,-0.00285998,0.00865554,0.005758181,-0.000899595,-0.00665778
1997m12,-0.02052638,-0.0322026,0.04394267,0.005657611,0.055590155,0.04993254
1998m1,-0.04332201,-0.02454948,0.10614595,0.005439742,0.052743905,0.04730416
1998m2,0.0080347,-0.00758985,-0.01333361,0.005582189,0.05939713,0.05381494
1998m3,0.02238407,0.02363676,0.00272488,0.005590569,0.042685921,0.03709535
1998m4,0.00290217,-0.0026399,-0.01130474,0.005657611,0.004711062,-0.00094655
1998m5,0.05001603,-0.00023591,0.01423404,0.005674372,0.006319887,0.00064551
1998m6,-0.06130667,-0.00460274,0.04921313,0.005934205,-0.018820637,-0.02475484
1998m7,-0.03880544,-0.02784954,0.05312242,0.005883909,-0.002397122,-0.00828103
1998m8,-0.04359075,-0.00925643,0.02358128,0.005841998,-0.103807459,-0.10964946
1998m9,-0.0449051,0.05127753,-0.04824716,0.005464878,-0.036998203,-0.04246308
1998m10,-0.03151061,0.01900481,-0.06108784,0.005305692,0.069723283,0.06441759
1998m11,-0.0196054,-0.03440394,0.07332896,0.005054397,0.050535464,0.04548107
1998m12,-0.0101897,-0.06970478,0.07223305,0.004543625,0.019181648,0.01463802
1999m1,0.02479726,-0.03487452,0.0145297,0.004275782,0.008637087,0.0043613
1999m2,0.03132584,0.01712497,-0.04105298,0.004083314,0.049695373,0.04561206
1999m3,0.04305475,0.02459211,-0.03902526,0.003991277,0.030866799,0.02687552
1999m4,0.03561436,0.1019367,-0.11019797,0.003999644,0.048436493,0.04443685
1999m5,0.01401033,0.00439692,0.01112649,0.004024744,-0.044384842,-0.04840959
1999m6,0.01161153,0.01128975,0.00556448,0.00384069,0.021426316,0.01758563
1999m7,0.04907501,-0.00603185,0.0239819,0.003957812,-0.006379564,-0.01033738
1999m8,0.03187806,0.01279457,-0.02979126,0.003949445,0.008838834,0.00488939
1999m9,0.01727585,-0.05306601,0.01739799,0.004217201,-0.036612926,-0.04083013
1999m10,-0.00758361,-0.09705798,0.04598211,0.004259044,0.028601385,0.02434234
1999m11,0.06421431,-0.17749656,0.15839447,0.004300889,0.064281582,0.05998069
1999m12,0.01350967,-0.04219196,0.10257912,0.004560367,0.051691689,0.04713132
2000m1,0.09790834,-0.10306514,0.070585,0.004652456,-0.081579565,-0.08623202
2000m2,0.07553458,-0.18607596,0.16044239,0.004744553,0.00692386,0.00217931
2000m3,-0.09995517,0.09889092,-0.17926813,0.004744553,0.044251122,0.03950657
2000m4,-0.06567943,0.11660999,-0.14914489,0.004836659,-0.032848378,-0.03768504
2000m5,-0.04354602,0.09164516,-0.1221183,0.004752926,0.006823173,0.00207025
2000m6,0.04320674,0.00760184,0.03916488,0.004744553,0.00531407,0.00056952
2000m7,0.01822574,-0.04176324,0.04347947,0.004744553,0.011869895,0.00712534
2000m8,0.02790986,-0.04059832,0.06469922,0.004786419,0.051796865,0.04701045
2000m9,0.00037147,0.03674263,-0.01092599,0.004711062,-0.054271736,-0.0589828
2000m10,-0.05437952,0.11519734,-0.1063232,0.004711062,0.017145323,0.01243426
2000m11,-0.00505359,0.12287354,-0.10165718,0.004593853,-0.04189701,-0.04649086
2000m12,0.03022049,0.00298948,0.00774869,0.004560367,0.014910062,0.0103497
2001m1,0.03780433,0.03916188,-0.05589112,0.004468287,0.016128686,0.0116604
2001m2,0.02586574,0.03819804,0.13279682,0.004384584,-0.05076606,-0.05515064
2001m3,-0.03687062,0.1047535,0.09962123,0.004183727,-0.050576195,-0.05475992
2001m4,-0.00103189,0.01649718,-0.02805002,0.004183727,0.060457055,0.05627333
2001m5,0.04301921,0.0027151,0.07827115,0.004033111,-0.018035381,-0.02206849
2001m6,-0.00561129,0.05436692,0.09768777,0.004100049,-0.028194891,-0.03229494
2001m7,-0.03399317,0.03334584,0.00744433,0.004058212,-0.022737516,-0.02679573
2001m8,0.05031554,0.04018429,0.07492208,0.003138247,-0.023323699,-0.02646195
2001m9,-0.10956103,0.07436312,0.08094919,0.003489407,-0.094257292,-0.0977467
2001m10,0.0578379,0.01609105,-0.06684656,0.003363979,0.032414259,0.02905028
2001m11,0.05913965,0.04917253,-0.09342294,0.003088092,0.043624761,0.04053667
2001m12,0.01156102,-0.00669446,0.02871438,0.003138247,0.00451014,0.00137189
2002m1,-0.00211076,-0.04974636,0.11057887,0.003154966,-0.010445067,-0.01360003
2002m2,-0.01867002,-0.0257839,0.09456075,0.003213486,-0.008067284,-0.01128077
2002m3,0.01105282,0.02505855,0.00916763,0.003272008,0.041956295,0.03868429
2002m4,0.05192905,0.00996785,0.06437925,0.003255287,-0.015577397,-0.01883268
2002m5,0.01572975,0.03194981,0.05708126,0.003414148,-0.012224664,-0.01563881
2002m6,-0.00865404,-0.00755327,0.0611067,0.003221846,-0.084239123,-0.08746097
2002m7,-0.02920707,0.05916464,0.03151902,0.003272008,-0.092262464,-0.09553447
2002m8,-0.00991308,0.03528872,0.06384053,0.003129888,0.003305451,0.00017556
2002m9,0.00487316,-0.03283896,0.09766731,0.003088092,-0.117591344,-0.12067944
2002m10,-0.06264102,0.04946824,0.00894487,0.003096451,0.077884154,0.0747877
2002m11,0.0182853,0.05398571,-0.11093252,0.003138247,0.035412606,0.03227436
2002m12,-0.0051369,-0.00827031,0.07016455,0.003146607,-0.0534202,-0.05656681
2003m1,0.02124135,0.03311391,-0.02652606,0.003079733,-0.089717235,-0.09279697
2003m2,-0.0270806,0.02015279,0.04510128,0.002837351,0.02623832,0.02340097
2003m3,-0.00962705,-0.01987859,0.00509626,0.002854065,-0.00618082,-0.00903489
2003m4,0.02202715,-0.00233135,-0.10905775,0.002828994,0.093736698,0.0909077
2003m5,0.059717,0.05267738,-0.06321604,0.002795567,0.043833506,0.04103794
2003m6,0.05676265,-0.02815942,-0.02665817,0.002845708,0.00310481,0.0002591
2003m7,0.04312775,0.02860242,-0.01043988,0.00266187,0.039458599,0.03679673
2003m8,0.04069359,0.00611287,-0.03858301,0.00287078,0.015620748,0.01274997
2003m9,-0.00145477,0.00914619,0.01015822,0.002887494,-0.015971088,-0.01885858
2003m10,0.00016118,0.00097455,0.02858586,0.003096451,0.049485456,0.046389
2003m11,-0.02129919,0.03128932,-0.00807782,0.003129888,0.01288227,0.00975238
2003m12,-0.01555565,0.02046219,-0.00691716,0.003163326,0.02921873,0.0260554
2004m1,0.07273249,0.01209014,0.05441837,0.003238566,-0.008662265,-0.01190083
2004m2,0.00337877,0.00979295,0.02571296,0.00329709,0.028601385,0.02530429
2004m3,-0.00071135,-0.00166124,-0.0273345,0.003414148,-0.013211946,-0.01662609
2004m4,-0.02390237,0.00322747,-0.04725223,0.003455958,0.020609503,0.01715354
2004m5,-0.02213785,-0.00103844,-0.01217819,0.003631578,-0.013211946,-0.01684352
2004m6,0.0332148,-0.0119498,0.02439754,0.00377377,0.014707101,0.01093333
2004m7,-0.01728823,0.02326812,0.00248692,0.003849056,-0.015380493,-0.01922955
2004m8,-0.01153879,0.02161333,0.00001112,0.003857421,0.016535218,0.0126778
2004m9,0.00240278,0.01720664,0.00816988,0.003832325,0.027778832,0.02394651
2004m10,-0.00061047,0.02618929,-0.00585224,0.003815594,0.012274723,0.00845913
2004m11,0.01136038,0.02649592,0.01681673,0.003790499,0.023983078,0.02019258
2004m12,0.02328559,0.00608676,-0.00546572,0.003823959,0.029115813,0.02529185
2005m1,0.02973733,0.01308971,-0.00463956,0.003798864,0.013287505,0.00948864
2005m2,-0.01168404,-0.01614807,0.01132871,0.003882518,0.025930494,0.02204798
2005m3,-0.00251033,0.01283155,-0.01490372,0.003882518,-0.008761393,-0.01264391
2005m4,-0.03291819,-0.01820207,0.00133771,0.003832325,-0.022542045,-0.02637437
2005m5,-0.01094369,0.01056728,0.01738748,0.003798864,0.039042899,0.03524404
2005m6,0.01269048,0.0011983,0.0218024,0.00377377,0.033964041,0.03019027
2005m7,-0.00143623,0.00010317,-0.00079841,0.003623215,0.033860652,0.03023744
2005m8,0.00987087,0.00422921,0.01415034,0.003581398,0.011667541,0.00808614
2005m9,-0.01589987,-0.03027287,0.04695552,0.003598124,0.034170854,0.03057273
2005m10,-0.01330211,0.00705849,0.00320224,0.003614851,-0.028874917,-0.03248977
2005m11,0.05844373,-0.03394238,0.0494408,0.003598124,0.033033892,0.02943577
2005m12,0.00507809,-0.01241629,0.0164,0.003614851,0.03935466,0.03573981
2006m1,0.03010259,-0.01663434,0.04918086,0.003598124,0.029115813,0.02551769
2006m2,0.02469727,0.00405994,0.01087544,0.003581398,0.012072289,0.00849089
2006m3,-0.01405826,0.00364311,0.02541699,0.003606488,0.03790058,0.03429409
2006m4,-0.01203978,-0.02481107,0.03264883,0.003631578,0.010656379,0.0070248
2006m5,0.00107348,0.00127272,-0.02754815,0.003681761,-0.047818869,-0.05150063
2006m6,-0.01109696,0.00815572,0.00007571,0.003706853,0.020099325,0.01639247
2006m7,-0.02107989,0.02440571,-0.00725556,0.003815594,0.013186181,0.00937059
2006m8,0.01822398,-0.00908739,-0.00462152,0.003890883,0.007125265,0.00323438
2006m9,0.02504817,0.03692307,-0.01147877,0.003966178,0.015722315,0.01175614
2006m10,0.00333703,0.03052215,0.02169525,0.004058212,0.030351493,0.02629328
2006m11,0.02322007,0.01755539,0.02741801,0.004083314,-0.002895799,-0.00697911
2006m12,0.03875625,0.00592952,0.02890674,0.004158623,0.03334385,0.02918523
2007m1,0.00325855,-0.01130722,-0.02330108,0.004367845,-0.002496878,-0.00686472
2007m2,-0.00082797,-0.02140807,-0.00619353,0.004325997,-0.001698556,-0.00602455
2007m3,0.00100316,-0.00128549,0.01103632,0.004376215,0.033447191,0.02907098
2007m4,-0.00192292,-0.00125513,0.00262817,0.004451546,0.024495196,0.02004365
2007m5,-0.0170829,0.01425865,0.00205568,0.004526882,0.028190025,0.02366314
2007m6,-0.05250195,0.00518683,-0.04747173,0.004685945,-0.007571193,-0.01225714
2007m7,0.02630497,-0.02035005,0.01983981,0.0046692,-0.03323516,-0.03790436
2007m8,-0.02314968,-0.00515105,-0.00488103,0.004685945,-0.002696358,-0.0073823
2007m9,-0.07888955,-0.00314401,0.06433161,0.004551996,0.01887594,0.01432394
2007m10,0.00938874,0.00317915,0.0311867,0.004526882,0.043416057,0.03888917
2007m11,-0.070871,-0.0274818,0.05240233,0.004426435,-0.047437921,-0.05186436
2007m12,-0.03279028,0.01005328,0.03271342,0.004267413,0.002603383,-0.00166403
2008m1,0.00743653,0.00542734,-0.00978215,0.004116784,-0.086617009,-0.09073379
2008m2,0.04200614,-0.01172902,0.07593839,0.004058212,0.007729721,0.00367151
2008m3,0.00335608,-0.01694188,0.01809305,0.003890883,-0.020585172,-0.02447606
2008m4,-0.04940917,0.00983295,0.06871806,0.003991277,0.062580092,0.05858881
2008m5,-0.01005241,-0.02934438,0.04477178,0.004108417,-0.001998001,-0.00610642
2008m6,-0.02487664,-0.02773796,0.13513311,0.004158623,-0.070678008,-0.07483663
2008m7,0.01675973,-0.06965532,0.00147268,0.00413352,-0.036034718,-0.04016824
2008m8,-0.00654898,-0.00152275,-0.09546905,0.004024744,0.049905332,0.04588059
2008m9,-0.00913765,-0.03737999,-0.02157296,0.003681761,-0.132378744,-0.1360605
2008m10,-0.11476283,-0.07014741,0.08793762,0.002904209,-0.119002068,-0.12190628
2008m11,-0.06291687,0.00035519,0.04623821,0.001392636,-0.016659667,-0.0180523
2008m12,-0.0418123,0.00567662,0.02901619,0.000975476,0.036759517,0.03578404
2009m1,0.03747751,-0.06836674,0.04463889,0.000750281,-0.058329638,-0.05907992
2009m2,0.02557139,0.0101124,-0.06834045,0.000550151,-0.065178802,-0.06572895
2009m3,0.0059823,0.01835174,-0.15646179,0.0005168,0.032827307,0.03231051
2009m4,0.156074,0.07629846,-0.25028301,0.00048345,0.099438945,0.0989555
2009m5,0.00865862,-0.01578997,-0.03929167,0.000433427,0.041956296,0.04152287
2009m6,0.01145456,-0.03071845,0.02305879,0.000408417,-0.032074348,-0.03248276
2009m7,0.00213945,0.02591618,-0.0262638,0.000358398,0.085021714,0.08466332
2009m8,0.0512082,0.09005717,-0.04643381,0.000308381,0.077022188,0.07671381
2009m9,-0.00460253,0.00317228,-0.03229072,0.000325053,0.047179124,0.04685407
2009m10,-0.00596214,-0.02730201,0.02817635,0.00037507,-0.018231754,-0.01860682
2009m11,-0.06302818,-0.02592254,0.03177527,0.000383407,0.0296305,0.02924709
2009m12,-0.02614585,0.00213026,-0.00441667,0.000408417,0.043416056,0.04300764
2010m1,0.05016524,-0.01860431,0.00459189,0.000408417,-0.035745486,-0.0361539
2010m2,-0.03651418,0.00252939,0.02301087,0.000408417,0.03375727,0.03334885
2010m3,-0.0215276,0.01524126,0.06432032,0.00042509,0.067585973,0.06716088
2010m4,0.0555079,0.01695321,-0.00799572,0.000416754,-0.013902456,-0.01431921
2010m5,-0.01608422,-0.02544223,0.00188276,0.000408417,-0.06227636,-0.06268478
2010m6,0.02654983,-0.02660468,0.04083112,0.000408417,-0.046294161,-0.04670258
2010m7,-0.0088617,0.00279676,0.04419018,0.000416754,0.068974738,0.06855798
2010m8,-0.01109784,-0.00721607,0.02693537,0.000408417,-0.002197582,-0.002606
2010m9,0.01182346,0.00733166,0.02829965,0.000408417,0.065452935,0.06504452
2010m10,0.01211705,0.01198267,0.02597176,0.000416754,0.025315121,0.02489837
2010m11,-0.00639995,-0.00106557,0.03409617,0.00040008,-0.022542044,-0.02294212
2010m12,0.01964454,0.01797577,0.0113447,0.000416754,0.071436209,0.07101946
2011m1,0.01077755,0.04483825,-0.00633523,0.00042509,-0.00528598,-0.00571107
2011m2,-0.02909224,-0.0028042,0.00550826,0.000450101,0.023983077,0.02353298
2011m3,0.01230164,-0.02233653,0.02808162,0.000466776,-0.008067283,-0.00853406
2011m4,0.02613017,-0.02895989,0.0025412,0.000466776,0.031072992,0.03060622
2011m5,0.00928956,-0.01809762,-0.02121559,0.000433427,-0.007174142,-0.00760757
2011m6,0.00002914,-0.01876132,0.02591676,0.00042509,-0.00448989,-0.00491498
2011m7,0.00803622,-0.01592756,0.01211758,0.000408417,-0.022053193,-0.02246161
2011m8,-0.03431191,-0.03593227,-0.04076281,0.000383407,-0.068910618,-0.06929402
2011m9,-0.00562307,-0.00370811,-0.05009095,0.000383407,-0.050101365,-0.05048477
2011m10,-0.04171613,0.03736264,0.00901885,0.000383407,0.078962574,0.07857917
2011m11,-0.02693544,-0.02049789,0.05338737,0.000341725,-0.003693163,-0.00403489
2011m12,-0.03026123,-0.01102706,0.04302156,0.00020002,0.008435379,0.00823536
2012m1,0.06815462,0.01800827,-0.13283217,0.000300045,0.02716235,0.0268623
2012m2,0.03332802,0.01055417,-0.00054462,0.000333389,0.042894479,0.04256109
2012m3,0.03258665,-0.02638992,0.03249425,0.000366734,-0.009455018,-0.00982175
2012m4,-0.00672346,-0.01364661,0.02667179,0.000333389,-0.003294561,-0.00362795
2012m5,-0.00764747,-0.0446909,0.08519686,0.000275038,-0.067979063,-0.0682541
2012m6,-0.01015187,0.02149254,-0.0036254,0.000291709,0.048226827,0.04793512
2012m7,-0.00839675,0.00388433,0.00548037,0.00021669,0.013287505,0.01307081
2012m8,0.02210967,-0.00453238,0.00831399,0.00020002,0.022141565,0.02194155
2012m9,0.03638974,0.00698656,-0.026851,0.00021669,0.010858531,0.01064184
2012m10,0.00729152,0.02091704,0.00130989,0.000191685,0.010353228,0.01016154
2012m11,-0.00470608,-0.02301429,0.03926686,0.000191685,0.017552262,0.01736058
2012m12,0.03983892,0.0369448,-0.00884545,0.000258367,0.009848177,0.00958981
2013m1,-0.01047003,0.00749149,0.00930991,0.000241696,0.063749574,0.06350788
2013m2,0.02144027,-0.03851745,0.06584462,0.000275038,0.022755034,0.02248
2013m3,0.00446793,-0.03000798,0.05985424,0.000308381,0.014098459,0.01379008
2013m4,0.00718743,0.00757186,0.03610676,0.000275038,0.005816853,0.00554181
2013m5,0.01899875,0.00407687,0.01484861,0.000258367,0.029115813,0.02885745
2013m6,0.02964676,-0.01325649,0.04651048,0.000275038,-0.049911366,-0.0501864
2013m7,0.01118447,0.01617778,0.0364866,0.000250031,0.067799512,0.06754948
2013m8,0.02932642,-0.00122901,-0.04478809,0.000225025,-0.022150983,-0.02237601
2013m9,0.01294607,0.02408101,0.02166447,0.000291709,0.011161834,0.01087012
2013m10,-0.00316736,0.00893954,0.03136815,0.000266702,0.042894479,0.04262778
2013m11,0.01729014,-0.00299615,0.02465237,0.000241696,-0.006975557,-0.00721725
2013m12,0.00995772,0.00575308,0.0280121,0.00021669,0.018366629,0.01814994
2014m1,0.05117162,0.01253681,0.03301348,0.000300045,-0.030524427,-0.03082447
2014m2,-0.01040651,0.00647319,-0.00849747,0.000316717,0.052428131,0.05211141
2014m3,0.00281953,-0.02521563,-0.02402764,0.000350061,-0.026054567,-0.02640463
2014m4,-0.0506994,0.0377159,-0.06489442,0.000283374,0.021630622,0.02134725
2014m5,-0.00648599,-0.01954972,-0.0186239,0.000233361,0.013692901,0.01345954
2014m6,-0.00627175,0.00936642,0.00078667,0.000350061,-0.012817152,-0.01316721
2014m7,-0.0004723,0.01882752,0.01646589,0.000341725,-0.002995505,-0.00333723
2014m8,0.00032047,-0.01865599,-0.00391502,0.000333389,0.021528464,0.02119508
2014m9,0.00505894,-0.01080529,0.02278612,0.00040008,-0.027708867,-0.02810895
2014m10,-0.01031213,-0.01378086,0.04545745,0.000325053,-0.00687625,-0.0072013
2014m11,-0.02101518,-0.01812527,0.0277711,0.000341725,0.02921873,0.02887701
2014m12,0.03944724,0.00051833,0.00906418,0.000325053,-0.015971088,-0.01629614
2015m1,-0.03154786,-0.02346357,0.0325936,0.000283374,0.02623832,0.02595495
2015m2,0.01440126,0.03169539,-0.05486341,0.000333389,0.037278027,0.03694464
2015m3,0.02118027,-0.01406964,0.05154257,0.000366734,-0.016659667,-0.0170264
2015m4,-0.00154173,0.01573314,-0.05625679,0.000350061,0.030351494,0.03000143
2015m5,0.03836923,-0.021919,0.02609777,0.000383407,0.013490182,0.01310678
2015m6,0.04553318,-0.0116472,0.00278034,0.000408417,-0.057481753,-0.05789017
