month,S1,S2,S3,S4,S5,S6,S7,S8,S9,S10
1980m10,.02916821,.00209617,.02555065,.02053855,.00359357,.01672069,.02838344,.04597344,.03003566,.04419352
1980m11,.00264501,.01013578,-.02230524,.02065575,-.00659505,-.00281912,.00016124,.00458842,-.00234891,.00173983
1980m12,-.01269274,-.02753907,-.01494441,-.04517336,-.04877467,-.03912348,-.02530767,-.04520345,-.02799667,-.04179116
1981m1,.04025809,.01684228,.02078559,.02196842,.01602721,-.00103872,.01616244,.01469996,-.02264651,-.00400027
1981m2,.04306134,.04019709,.0576465,.05644625,.06943992,.05386969,.06608646,.07193799,.09686516,.07317083
1981m3,.03944995,.05308665,.09682652,.07140388,.09086037,.07129322,.0976677,.09281372,.06019903,.03747753
1981m4,.09733107,.11756774,.08504703,.06659763,.09155376,.10052782,.08013843,.08834117,.09533705,.08114307
1981m5,.0088625,.01798314,.01707634,.00975065,-.00244805,-.00833194,-.00874877,-.03335686,-.05312949,-.05688665
1981m6,.01601704,.00492545,.00348183,.01438769,.01960447,.01271395,-.01912521,-.00326377,.00609686,.02770048
1981m7,.00231479,-.02250344,-.00462501,-.02750922,.0082495,-.00643948,-.00848231,.00150354,-.02510161,-.01019908
1981m8,.03951909,.03704808,.03315988,.04042182,.04179701,.03081651,.04188181,.04586647,.05629315,.06543854
1981m9,-.12776101,-.11876112,-.12610139,-.15128643,-.1521155,-.14095872,-.15995572,-.15931994,-.16870414,-.1739259
1981m10,.03758131,.00980018,.02127414,.01955672,.02072524,.01622005,.02664182,.02309688,.02393498,.02725233
1981m11,.04947054,.05707194,.05681637,.02733446,.06561593,.05933423,.06633909,.10286772,.12545164,.1145135
1981m12,.01949714,.02840548,.02053051,.049349,.02922918,.04079241,.01775756,.01343955,.01500111,-.01176986
1982m1,.05570023,.06168433,.07097739,.06696842,.0628524,.07625279,.08463039,.08842276,.08253527,.05868396
1982m2,.00020737,-.02401994,-.01279623,-.02073817,.00339116,-.00131923,-.01082217,-.01761174,-.02718655,-.04472705
1982m3,.02474871,.01237219,.00373881,.0262205,.01891507,.03943747,.03754492,.03302718,.049343,.04685756
1982m4,-.01089077,-.01577573,.00778708,-.00594173,-.0010978,-.00769264,-.01246866,.00010244,.01587977,.01374794
1982m5,.01095762,.02173872,.00387401,.01525845,.01691567,.04384435,.02207098,.0218102,.01467395,.02798379
1982m6,-.02343751,-.00882964,-.02203615,-.04794369,-.03262618,-.03207463,-.04363861,-.05103935,-.03549601,-.0416495
1982m7,.00170831,.00494723,.00221459,.02118667,.01154665,.0269312,.00659702,.04236185,.04165883,.02618646
1982m8,-.00900953,.0034267,.00113208,-.01144116,.00406056,.0126336,.01684362,.01578813,.03086753,.05013702
1982m9,-.00011164,.02857789,.00341416,.01058218,.01908649,.02717114,.03079784,.03989037,.04416723,.05071697
1982m10,.06307544,.0142589,.00178693,-.00048526,.00950782,.04503672,.01041464,.00933165,.03321401,.02564777
1982m11,.12342261,.09217197,.05401744,.03591544,.03848945,.08565998,.05162297,.04622828,.01566993,.02761211
1982m12,.06837113,.01873325,.02906849,.01302219,-.00108124,-.00676127,.01464866,.01394046,.02554607,.02334702
1983m1,.13883759,.091376,.10255925,.05760238,.05863221,.11213392,.03603576,.03837244,.0422631,.02405086
1983m2,.06629175,.04170344,.02499231,.07682163,.04871243,-.00823599,.0447449,.02575555,.03508216,.00646476
1983m3,.01636534,.03419798,.05213217,.05624966,.02769232,.03755412,.03714475,.04561823,.04540839,.03218279
1983m4,.07580702,.08386808,.03910364,.10450231,.08136686,.02697843,.03927855,.05367714,.07669559,.08028709
1983m5,.00996328,-.03368141,.02483355,.00120823,-.01151218,-.03977845,.00101037,-.00934873,-.01058204,.00192402
1983m6,.03939355,.02459933,.01990813,.06025221,.03587532,.00874733,.04807395,.05385724,.0520824,.05213828
1983m7,.02575721,.00964293,.01269311,-.01960145,.01660923,-.00871614,.00630737,-.00310151,-.02048738,-.02396033
1983m8,.04135678,.04235563,.01599817,.03187418,.00192956,.01547224,.01227385,.01778817,.00531655,.04177474
1983m9,-.00460062,.00348472,-.00245896,.00527181,.00610712,.00757717,.00682782,-.0116661,-.01655859,-.00043864
1983m10,.02456307,.01316803,.01752009,-.00334488,-.01044428,-.02699811,-.0076599,-.01127386,-.02084305,-.00352965
1983m11,.05917375,.05767916,.03524278,.05517373,.0446767,.02402022,.04711788,.0567598,.0550918,.0489957
1983m12,.03474679,.0358958,.00974714,.03807219,.04302359,.01971535,.02135679,.04491264,.04227436,.02886599
1984m1,.09737888,.05590902,.08551328,.08097861,.08228223,.0900215,.06539625,.06841197,.08795633,.06005806
1984m2,.04812725,.05650591,.07142623,.03769776,.02291508,.02278263,.02344428,.01679494,.0035774,-.0098739
1984m3,.04387917,.05751937,.04849984,.05376449,.04637629,.04609031,.04782739,.05075907,.03589342,.08416913
1984m4,-.00838121,.02303507,-.00492686,.01775671,.0026791,.01043744,.02815991,.01854595,.02917955,.04278932
1984m5,-.06774941,-.07099981,-.08440206,-.05289208,-.07427747,-.07278739,-.08587347,-.09666647,-.11210339,-.10733663
1984m6,.02334978,.01260951,.03448887,.0227992,.0279757,.00623926,.04045457,.02142768,.01939141,.01557441
1984m7,-.02721848,-.06437612,-.02807671,-.02520247,-.03066671,-.05683182,-.03323707,-.02640393,-.01553463,-.03427643
1984m8,.02484008,.06701727,.0688791,.04344698,.05714619,.07298731,.07008452,.10424233,.09726381,.08985787
1984m9,.02117226,.00815667,.01863196,.03503447,.04016095,.01807449,.02506749,.02070023,.03136429,.03171932
1984m10,.02954595,.03996069,.02681759,.01124471,.00948995,.03964618,.03346882,.02619311,.02070833,.02652538
1984m11,.01717511,.01143952,.02950034,.02272505,.04402429,.04620927,.03608835,.04535889,.05757295,.03182992
1984m12,.05868876,.04724025,.00994645,.04404147,.03825531,.04884938,.04144451,.05147743,.03623401,.04562218
1985m1,.02273025,.01180896,.04194299,.05975069,.00360531,.03785934,.02656198,.01756577,.02450056,.02866646
1985m2,.03723015,.04801292,.01245369,.0344833,.03446536,.01734011,.02283394,.01236239,.00066904,-.01338618
1985m3,.04622449,.02029849,.02300118,.05573583,.01821091,.04493422,.06440994,.03846663,.03548619,.02147964
1985m4,.01662017,.03664332,.02076019,.03006378,.02087405,.0271709,.00775759,.02308442,.01018027,.01111347
1985m5,.06434803,.02935884,.02524909,.01422824,.03865271,.02514118,.04471674,.02422896,.02740108,.01651832
1985m6,-.03315525,-.04998724,-.01583717,-.03828173,-.05908853,-.04801543,-.0588379,-.06595405,-.06491051,-.0563993
1985m7,.05110164,.00040074,.00188406,-.00187914,.00009173,-.00170439,.02461596,.03743417,.01904395,.01302205
1985m8,.06802178,.04735025,.06251455,.07229893,.06394396,.07036036,.05466666,.06708439,.08532245,.07122061
1985m9,.02755802,.05443688,.02422429,.01624448,.02132684,.00810589,.0097389,-.00349899,-.01333592,-.01937055
1985m10,.06006584,.03033367,.057189,.01702199,.05450165,.05358186,.05469727,.08644471,.09872355,.06242193
1985m11,.05722422,.03793439,.00994659,.00811011,.0331507,.00484941,.02312704,.02026378,.01284252,.04680598
1985m12,.04577703,.03030477,-.00036299,-.00668474,-.02153773,-.00517201,-.00716717,-.0281366,-.02154176,-.01108608
1986m1,.05895844,.0582636,.02796451,.02325618,.01405689,.04171856,.0518782,.04032579,.02974579,.0151691
1986m2,.0989089,.10134258,.08055872,.0862531,.06174876,.06751609,.0723545,.08050773,.09223176,.08993387
1986m3,.05022336,.04082556,.0496654,.02174541,.04359075,.05129812,.06133287,.07204964,.0707074,.07891301
1986m4,.09160956,.10309328,.06816335,.04360809,.04769376,.05628985,.0436797,.07701723,.03624908,-.00120413
1986m5,.03007865,.02987391,.0077294,.0186616,.02481013,-.00955313,-.01738239,-.02300215,-.01620264,-.03004389
1986m6,.0461163,.05584796,.05024108,.05159259,.0273585,.03896385,.03922951,.02978579,.03365377,.03270387
1986m7,.03708299,.00704931,-.00287988,-.00502571,-.01711136,-.02328822,-.03656431,-.04637217,-.04685856,-.06177042
1986m8,.03562396,.01770181,.01067825,.00875506,.04448065,.01391714,.02781025,.02545938,.03548419,.0709952
1986m9,-.00712549,-.01948253,-.0196108,-.01921774,-.01890524,-.00618643,-.03011848,-.04270719,-.04034116,-.05423928
1986m10,.09258762,.04609783,.05963577,.03719144,.04286375,.03798528,.04619933,.04249939,.04341062,.05202577
1986m11,.07790891,.05816172,.04092587,.06481401,.02515862,.03977506,.04075705,.03022962,.03658156,.01709564
1986m12,.04993626,.0274018,.03098081,.0191126,.0269926,.01887379,.03445966,.01523936,.01077436,.02078583
1987m1,.08212968,.08056081,.07752203,.09141573,.08996869,.08977407,.09043056,.0947222,.09588586,.07938588
1987m2,.13060138,.1146646,.08485912,.10238949,.09792724,.10214879,.11439734,.07960012,.08730368,.10968986
1987m3,.11227117,.1230814,.09002184,.09422157,.08999671,.09980247,.04971237,.06014869,.05542326,.00961778
1987m4,.05180725,.02103149,.05388048,.04745801,.05796338,.04038479,.03499411,.03952571,.02446707,.03636468
1987m5,.13809777,.14271227,.0915653,.08469668,.09986479,.08490255,.08335382,.07445974,.06979279,.07592041
1987m6,.22355633,.21912732,.14438669,.12104964,.18586953,.11156642,.12074811,.087004,.08891471,.03677388
1987m7,.27969576,.17088971,.16286412,.13367056,.11772051,.10232893,.12811806,.07796614,.06907009,.03950014
1987m8,-.05259122,-.03798259,-.04692801,-.04626989,-.03800436,-.04206359,-.0460512,-.04793908,-.04911061,-.0369129
1987m9,.03706303,.0297978,.04568887,.04534291,.04512112,.06248783,.04385312,.05141385,.06028055,.05024198
1987m10,-.17812419,-.20057641,-.20808333,-.20431366,-.22821511,-.23458558,-.24188803,-.25486777,-.2933948,-.26942416
1987m11,-.15074117,-.17373907,-.1644404,-.16408683,-.17249659,-.16989802,-.1689121,-.12971531,-.11733504,-.09581698
1987m12,.00609509,.02756392,-.00730134,.02513479,.04478354,.04799555,.06884804,.11363729,.13716296,.09817514
1988m1,.0437529,.04490518,.07490253,.06599049,.07364123,.06943639,.07388057,.07647945,.05486496,.05444644
1988m2,.00616509,.01102793,-.00071356,.02779359,.00571512,-.00098923,.00236058,.0040036,.00058879,-.00760378
1988m3,-.01052096,-.00345928,-.01225839,-.00542726,.00893259,.01883092,.00075692,.01718626,-.00025548,-.01160107
1988m4,.05721265,.02174885,.04990178,.0430755,.02981795,.03812142,.02733349,.04634079,.04538486,.04362217
1988m5,.02925715,.0337731,.01780405,.01857863,.02994316,.02803728,.03485404,.0289575,-.00076687,-.00353065
1988m6,.0416071,.06336306,.0638142,.04191088,.04887949,.04413198,.03688301,.02746193,.0474422,.04268311
1988m7,.04235823,.03874815,.02553567,.03195658,.03272066,.02222241,.01055011,.02159528,.01691312,.00353678
1988m8,.01277839,-.00057322,-.02339779,-.035974,-.04003303,-.02781873,-.04707692,-.06273209,-.06397645,-.04936174
1988m9,.01040976,-.00879984,-.00896366,-.00702734,.01552719,.00789612,.01663372,.02619375,.03724159,.05023318
1988m10,.06981757,.0371913,.02323189,.02657742,.030501,.03249673,.03476699,.03395697,.04285819,.02166116
1988m11,.00084762,-.03281019,-.0137827,-.02842195,-.01561699,-.02460148,-.02846098,-.02444642,-.03915858,-.03099501
1988m12,-.04537771,-.02803578,-.04433972,-.04140917,-.03176293,-.04949213,-.04032392,-.0294562,-.03301099,.00445563
1989m1,.06127294,.08942385,.09172413,.09192599,.07594605,.10992929,.1013168,.1071457,.13551482,.14453709
1989m2,.03884543,.03989631,.03406197,.03748193,.03682666,.03153748,.04088692,.04218637,.00842511,-.01258508
1989m3,.05160866,.03307232,.02899498,.0407312,.03151517,.02522698,.021474,.02993642,.02170318,.0377226
1989m4,.02230663,.02399982,.01995585,.01058435,.01008013,.00181886,.01854099,.00680039,.00657212,.02534546
1989m5,.02202094,.0210795,.04013156,.00789653,.0038036,.00466312,.00011098,-.0093574,.01264535,.00971201
1989m6,.00255014,-.00331933,.00295213,-.0020244,-.00390992,-.00704664,-.01320012,-.00048127,.00650532,.02022715
1989m7,.01836962,.0154418,.02044324,.02918271,.02627258,.03760279,.03423105,.04475736,.06776143,.06885748
1989m8,-.01384176,-.00542073,-.00956832,-.01717003,-.0046554,-.01090213,-.00135638,.00461729,.01087528,.03415736
1989m9,-.02166735,-.02691435,-.0098291,-.009006,-.02932453,-.01897072,-.01287951,-.01729062,-.01508138,-.03471472
1989m10,-.10075589,-.11879659,-.12936294,-.12303283,-.11657527,-.13106085,-.13274813,-.10495096,-.10512482,-.07530084
1989m11,-.01186762,-.01523529,-.03187213,-.01195572,-.01476442,-.00562609,-.00603567,.01349751,.03454339,.05629569
1989m12,.00739942,.01630832,.01788558,.01991422,.02045576,.02878822,.03271201,.03865212,.04847076,.0627783
1990m1,.01131322,.01399383,.00943085,.00220291,-.00443276,.01148422,.01026156,-.00106854,-.01761432,-.0346225
1990m2,-.0282149,-.04204251,-.03790661,-.03714222,-.04401129,-.03052225,-.02854111,-.04367909,-.04275747,-.03113952
1990m3,-.02378354,-.0424495,-.03431626,-.03479583,-.0301964,-.03088503,-.03393639,-.02365877,-.00529758,.00198065
1990m4,-.03963224,-.0313439,-.0460894,-.0541178,-.03855241,-.0583126,-.06318592,-.067028,-.05199779,-.05680906
1990m5,.01884755,.01110264,.00919961,.01977914,.02443278,.04847819,.04574269,.07233415,.09069308,.11956834
1990m6,.01401072,-.00207791,.00137666,.0201304,.02796445,.01809103,.04452777,.02274726,.03401285,.0210481
1990m7,-.03292225,.00575176,-.01459017,.00356148,-.01586519,-.01766438,-.01420399,-.00636357,-.01676229,-.01915185
1990m8,-.0851866,-.07834545,-.09546806,-.08625102,-.11217996,-.11345227,-.11954824,-.12270887,-.12689803,-.07721338
1990m9,-.06857377,-.07557724,-.09348094,-.10256981,-.08572613,-.09422441,-.08863856,-.08723976,-.09411431,-.07038802
1990m10,-.01193356,-.03077313,-.02461862,-.02267083,-.00255452,-.01075458,.00503646,.01789719,.03046369,.03225718
1990m11,-.04190344,-.05806888,-.02705883,-.05638918,-.02758894,-.01489898,-.02696183,.01514456,.0328983,.04168049
1990m12,-.01929383,-.0186812,-.00976291,-.0132296,-.02331108,-.00982891,-.00316925,.00650004,.01118525,.00705766
1991m1,-.06013858,-.07234893,-.05852351,-.0396848,-.04316873,-.05440312,-.03868798,-.04459391,-.02545401,.01229082
1991m2,.1185192,.11158209,.11063668,.09733718,.14859085,.15765945,.1602753,.16937029,.16689781,.10516366
1991m3,.09917913,.09196341,.08171182,.09064651,.12433976,.10948913,.11580461,.08131512,.06203779,.03543537
1991m4,.00437041,.01813697,.00525824,.00050187,.0169405,.01306795,.01875609,.00628193,-.00151213,.01328246
1991m5,-.06594433,-.01756082,.00422966,-.02657352,-.01983387,-.01304535,-.00368755,-.01869517,-.02281514,.00860537
1991m6,-.02819198,-.05360655,-.02048415,-.03024,-.05427678,-.02640471,-.03556641,-.03496817,-.03511623,-.02560981
1991m7,.01065944,.00927945,-.00878995,.00809885,.02975129,-.00086411,.00348075,.02027944,.04422529,.07598398
1991m8,.02051438,.03463756,.02199254,.01106528,.025253,.03397121,.04131533,.04885733,.04581544,.02601593
1991m9,.06953757,.06336935,.07357365,.05970504,.0567056,.08168217,.06972393,.06988937,.03005035,.00154856
1991m10,-.00150267,-.00454749,-.02123963,-.01576803,-.04450665,-.0053459,-.0052154,-.01011841,-.02129751,-.01676232
1991m11,-.00755919,-.02585117,-.0220021,.01675262,-.00978647,-.03830887,-.01793628,-.0257169,-.0542833,-.04631792
1991m12,-.00123842,-.03448755,-.03980944,-.03517931,-.02589779,-.05604415,-.03627864,-.04688069,-.01947705,.03040824
1992m1,-.00333858,-.01281869,.00571486,.01862073,.02481735,.00764194,.01506613,.03992122,.05859278,.04072263
1992m2,-.00033146,-.00173644,-.00891079,.00108725,.01166348,-.00190263,.01821385,.00926524,.02013386,.00320836
1992m3,-.04755325,-.06472157,-.04235838,-.04086922,-.02823817,-.0429034,-.04377517,-.04374064,-.04457231,-.04102274
1992m4,.05517199,.09491964,.08138663,.08346759,.09753768,.09783544,.09855894,.09793252,.14356435,.09357402
1992m5,.11753456,.074709,.08876434,.07229671,.07754658,.06783295,.0585881,.0447996,.02488669,.0164709
1992m6,-.04059214,-.04512824,-.04890318,-.05608009,-.05073183,-.06056736,-.05873376,-.07823546,-.07037359,-.06911082
1992m7,-.07877853,-.09473138,-.07601606,-.09150111,-.09986198,-.11491576,-.10300309,-.09467113,-.10187633,-.04307847
1992m8,-.05866282,-.03945709,-.0514131,-.05649836,-.02953872,-.06117907,-.06495751,-.06252834,-.04155211,-.0291132
1992m9,-.01045072,-.02317288,-.0126255,.00145066,-.01170481,.00918279,.04400286,.07090997,.09652033,.09392522
1992m10,.01151638,-.01648682,-.00762881,-.00806971,.00516838,-.0102015,.0052446,.02431784,.06154297,.03939117
1992m11,.07683178,.0133131,.04247586,.06060515,.01642145,.04713867,.03402324,.03033785,.04848503,.04846869
1992m12,.06997005,.04841009,.07578348,.08080528,.0960616,.13397209,.09652054,.10892847,.09799169,.03376748
1993m1,.11528359,.10174284,.04878535,.09822137,.07543802,.10265264,.11242017,.06200646,.04238322,-.01575797
1993m2,.0674269,.0670387,.05401058,.07493836,.02821547,.03570573,.02440007,.02605546,.02454909,.02036745
1993m3,.07300374,.00440889,.04296692,.05728258,.03762026,.03161607,.03285643,.03035013,.0306478,.01585244
1993m4,.06768856,.06974871,.06869715,.05155678,.0280744,.05231741,.0287834,.03236282,.02228966,-.01896691
1993m5,.10850785,.04797824,.06384049,.04880881,.05395509,.05522384,.03012631,.00896162,.01245775,.00599242
1993m6,.03894509,.05898848,.02020086,.04291289,.02350027,.01314762,.01827689,.02414876,.02638947,.01591697
1993m7,.03810463,.02285747,.02057839,-.00831817,.00841253,.01799724,-.00070601,.00631074,.0204874,.01824833
1993m8,.10124404,.06718764,.06532389,.07835073,.09709228,.10793145,.0825395,.06415367,.06905506,.06698196
1993m9,.02354262,.01016106,.02334112,.02545815,.01621186,.00481732,-.00521725,-.01230138,-.02358256,-.02369727
1993m10,.04517445,.01904442,.02479568,.0201206,.02782,.03608834,.01176837,.01461693,.02179137,.04294831
1993m11,.04545809,-.00927992,.00327517,-.01481048,-.00569219,-.02777046,-.03071626,-.03575072,-.00689666,.00398352
1993m12,.02970098,.03695067,.06772342,.06517462,.0555925,.04568035,.06604348,.05594377,.09183371,.07254361
1994m1,.01591834,.14868934,.14195103,.12031636,.1232856,.10185043,.0930451,.12366338,.08769627,.02679812
1994m2,.0012253,.01363606,.00160229,.01650518,.00234055,.01707935,.01231536,-.00826141,-.02552223,-.03953933
1994m3,-.0173162,-.03414021,-.03160781,-.05479271,-.05093838,-.06811706,-.05907858,-.06738265,-.04681504,-.05512184
1994m4,.0627841,.02923945,.02483717,.01525686,.02077059,.02053787,.01723205,.01842898,.0016899,.01881244
1994m5,.01802086,.00799242,-.00153789,-.02893797,.00840464,-.03090201,-.02801258,-.03899875,-.05362421,-.05177894
1994m6,-.04654127,-.04877081,-.02663988,-.03842249,-.03522076,-.0416643,-.04868983,-.05089419,-.03599098,-.01240097
1994m7,.04313199,.01950871,.01538764,.00195122,.00805985,.02578019,.03441911,.03986417,.07044544,.06110059
1994m8,.0516413,.06186795,.0340375,.039029,.03917009,.03554816,.04008526,.02776724,.04173014,.06548443
1994m9,-.00554794,-.00972066,-.02448623,-.02939287,-.01014377,-.02984059,-.03004023,-.04572984,-.08320905,-.07134165
1994m10,-.03733316,-.01517413,-.02763832,-.02846815,-.00721411,-.02118482,-.01090384,-.01948105,.01298484,.02084745
1994m11,-.01151873,-.0253449,-.00625455,-.01874135,-.00504303,-.01178533,-.00484968,-.00975412,.0055856,-.00229994
1994m12,.00555179,.00314606,-.00802246,-.00745052,-.00679577,-.00677479,-.00376889,-.00466845,-.0010258,.0059048
1995m1,-.02868117,-.00872099,.00290335,-.00551898,-.00871132,-.00492324,-.01407309,-.02433582,-.02483989,-.01964495
1995m2,-.04823394,-.05023456,-.02520032,-.01545014,-.00327284,-.01109934,-.00014844,-.01696815,-.0028213,.00104783
1995m3,-.00423997,.01611802,-.00670756,.00440773,-.0048666,.0085946,.00839124,.03224353,.04364974,.04150399
1995m4,.00607048,.02827769,.03094834,.00508024,.02806429,.02672052,.04012447,.03180803,.03011692,.02543072
1995m5,.03265058,.06389765,.04784079,.05576667,.05129119,.05947455,.05942506,.05627684,.03603584,.03464464
1995m6,.00195009,-.00769841,.00203359,-.00318645,-.00984849,.0071226,-.00642691,-.01118271,-.00820948,.00184191
1995m7,.03786344,.04843439,.02584834,.02051603,.03510465,.05155574,.04229512,.05484268,.07331325,.04927003
1995m8,.02793963,.03078475,.05161613,.03455423,.07271865,.03566008,.04100302,.02693655,.01879193,.01392993
1995m9,.0112097,.0178691,.00723193,.00582665,.02186661,.0121694,.00958497,.02097342,.00787472,.00405474
1995m10,-.01703888,.00222834,-.00771776,-.00962033,-.00951227,.01520073,-.00694297,-.01764918,-.00838695,-.00599252
1995m11,.00218189,.04296812,.02034034,.01219836,.03755582,.02258398,.00086836,.00057305,.01230689,.02651653
1995m12,.01323722,.0056273,.01195756,.00441048,.0169901,.00493675,.01588167,.00229539,.02157509,.01807516
1996m1,.00002335,.01363347,.01894065,.01943227,.02517394,.03017973,.03410044,.04397177,.02666586,.0165633
1996m2,-.00100483,.03066876,.02917798,.00776328,.02368962,.02340356,.02800232,.02871089,.01757031,-.00118426
1996m3,.05482542,.0292203,.00427246,.04238441,.02861998,.0365399,.02353837,.02705506,.03124055,.01180437
1996m4,.06347316,.09710054,.06964391,.06992675,.06541256,.08119979,.0750203,.07726386,.06369898,.03930032
1996m5,.06612303,.04839524,.03399306,.02924442,.02807916,.02193111,.01651814,-.01718757,-.01714755,-.02021199
1996m6,-.02343152,-.00775005,-.0194419,-.0169224,-.02560764,-.0091119,-.01061722,-.01012875,-.02018393,-.01013404
1996m7,-.02084255,-.00864673,.00218048,-.03008615,-.04422319,-.03095318,-.04956756,-.04226888,-.02597608,-.00663303
1996m8,.02799071,.02929534,.02486987,.0274356,.02610107,.03821508,.03704841,.0444676,.03958361,.04501208
1996m9,-.00031399,.03582987,.00526121,.01232704,.02364197,.01225786,.00956667,-.00582259,.01294398,.01542567
1996m10,.02279913,-.01539493,.0074593,-.01465042,-.014277,-.00199781,.00801393,.021498,.01399088,-.00185139
1996m11,-.00084242,-.00199296,-.01953071,-.01764421,-.0044367,.01535075,.00664831,-.0098779,.00311016,.02213968
1996m12,.01563555,.02574879,-.00418414,-.00244218,.01792423,-.00053785,.00689232,.02123524,.01072661,.01684187
1997m1,.04326363,.05065548,.06217109,.06186469,.08233851,.05411716,.06736582,.04874283,.03724507,.01551641
1997m2,.05534705,.03770262,.03681474,.04015779,.00945481,.02797493,.01479011,.02075062,.00597889,.00762046
1997m3,-.02139372,-.02019435,-.01182743,-.02925742,-.02513969,-.02285432,-.00764523,-.0037153,-.00116602,.01404789
1997m4,.05951446,.02921283,.00802304,-.00257832,.00062509,.00013837,-.00201618,.00532788,-.01039544,.01431176
1997m5,-.00638718,-.00591234,-.02470422,-.00790775,-.00751099,-.00687325,-.00401524,-.0093182,-.00155796,.03130571
1997m6,-.01290285,-.00140913,-.0183602,-.02451729,-.03095002,-.03713289,-.03692607,-.02174223,-.00812866,.00694205
1997m7,-.01540608,-.00908019,-.01159669,-.00590622,-.00649837,-.01917474,-.02180801,-.01356351,.00473268,.05205474
1997m8,.03994478,.01080566,.02464009,.01660124,.02109301,.05066348,.03827388,.05644333,.03219929,5.769e-06
1997m9,.0300541,.02743322,.02730582,.0263481,.05148253,.03437793,.04349159,.03381103,.05271484,.06949483
1997m10,.03628862,-.02127383,.00326647,.00962579,.02157807,.01965415,.01862467,-.00952041,-.04471475,-.04997677
1997m11,-.02481041,-.01121901,.00792811,-.02706872,-.01618512,-.01755343,-.01371025,-.01792827,-.00643711,.00786068
1997m12,.01658454,.00828895,.01419893,.00664813,.02554447,.02745358,.01515451,.01669207,.01658372,.04239438
1998m1,.00367178,.02888798,.02372756,.02593837,.02231979,.03341803,.01347122,.02172138,-.00611319,.05286509
1998m2,.06818769,.04069342,.06080787,.05824991,.03878743,.05285612,.04456724,.03612446,.0699725,.05181305
1998m3,.02454927,.05761653,.05772262,.06246472,.04808831,.07433146,.066368,.07601687,.06395828,.043806
1998m4,-.00115851,-.00532398,.01391904,.01920851,.01208386,.00392398,.00571802,.00382003,.02498928,.0141764
1998m5,.06014442,.08568011,.09885881,.08013842,.06665753,.07187136,.05960478,.05000196,.05496996,.00059016
1998m6,-.02167411,-.02129642,-.03187766,-.05410172,-.0377726,-.04100081,-.06192993,-.05158602,-.06780814,.00500079
1998m7,-.03165273,-.05331144,-.05239478,-.06025716,-.06683311,-.05621747,-.05976351,-.05318922,-.02186647,.00086716
1998m8,-.04340404,-.08200764,-.10370434,-.09920079,-.10991306,-.10569414,-.12084008,-.13814906,-.14614402,-.08803066
1998m9,-.05416206,-.05093478,-.04769982,-.04758991,-.0842997,-.05451856,-.0490069,-.09720142,-.07669879,-.01732013
1998m10,-.02987351,-.00174469,-.04470936,-.0228408,.01989924,-.00991575,-.0009048,.02401482,.08331731,.05469019
1998m11,.00973109,.025415,-.0014542,.02415506,-.02463493,.02888619,.05584878,.0226734,.01745519,.04630281
1998m12,.01065417,.00687071,-.00483955,-.00923773,.02337635,.00189429,.02595034,.0052487,-.0286064,.02523427
1999m1,.0099336,.0784524,.04087356,.04972242,.0632753,.02389652,.04270963,.03622387,.03038994,.01837942
1999m2,.01190091,.04214284,.02436717,.06097207,.06464789,.09138983,.07515666,.07211957,.0753437,.0253474
1999m3,.02963802,.05191096,.07503957,.05418237,.05900132,.04959152,.04453791,.08040262,.05865216,.01533418
1999m4,.06917298,.08857374,.07891703,.08456057,.07580951,.07708436,.06223975,.07689405,.08981438,.02500863
1999m5,.01146293,.02305968,-.00579045,-.01087813,-.0061766,.01266536,-.00474507,-.02403797,-.01761908,-.03513692
1999m6,.03264398,.07214595,.05413129,.05574686,.03897755,.04529365,.03458482,.03503013,.05065283,.02317774
1999m7,.0382636,.04166627,.03402181,.05624712,.03709444,.02749939,.05769333,.03836658,.02766198,-.00698207
1999m8,.03495857,.07645048,.04766333,.05004318,.04427403,.04240375,.02873553,.03927129,.00772997,-.00259041
1999m9,-.01298286,.0064282,-.00634672,-.00687715,-.01789625,-.020491,-.04659968,-.03444589,-.06334625,-.04699532
1999m10,.02665089,.0245537,.01413732,.01957388,.00395087,-.00643041,-.00638164,-.01531677,-.00951399,.02822952
1999m11,.111662,.1377126,.02078708,.18044904,.14007157,.09827351,.06589155,.11555736,.10924695,.07431426
1999m12,.13095075,.05231479,.09268975,.16268138,.11104811,.09980921,.11209261,.05996523,.03424719,.04623652
2000m1,.11844974,.04055281,.10459205,.10272228,.06840565,.01959973,.05795567,.03296989,-.03288543,-.08225901
2000m2,.0529329,-.00348496,.07223183,.26937013,.06337853,.10823714,.07121696,.0773377,.03909118,-.00677819
2000m3,-.06968387,-.04678393,-.09393388,-.10248195,-.05980408,-.07466538,-.0489678,-.04238823,-.01410112,.06112505
2000m4,-.09265402,-.05227491,-.0911033,-.11841316,-.09354986,-.1024494,-.07957326,-.0957528,-.01082775,-.01331861
2000m5,-.03705472,-.04893618,-.00544073,-.06028606,-.04923426,-.0190777,-.03262078,-.04351233,-.01287386,.00006355
2000m6,.02256324,.04005296,.04986488,.07476055,.07850679,.09008166,.08847613,.06408964,.04295543,.01354254
2000m7,-.00188789,.0146598,.00505004,.03777323,-.01678816,.0028633,.02425813,.03482175,.04443121,.00916076
2000m8,.05056009,.09658588,.05777719,.12139612,.06227903,.06482839,.07144568,.05290335,.05064074,.04381958
2000m9,-.0102242,.00065564,.00105838,-.0169978,-.03373749,.00357361,-.04198997,-.05726438,-.04607819,-.05405837
2000m10,-.02234994,-.00339422,-.04346566,-.03718229,-.05400896,.00231439,-.0419419,-.02530936,-.00923161,.02011699
2000m11,-.01529362,-.01309137,-.01332077,-.01440969,.01106613,.00161646,-.03378781,-.05740918,-.05422292,-.05231345
2000m12,.03304306,.03870397,.00922092,.0097219,.04087997,.03027826,.03023741,.03794865,.02866253,.00148362
2001m1,.03894195,.05491832,.0596939,.05179892,.04859404,.04292332,.06206262,.03442468,.03694675,.00879701
2001m2,.00782963,.00934171,.00320532,-.00049879,.0103499,-.01771972,-.02202823,-.02207763,-.01205492,-.05670373
2001m3,-.05234092,-.03323196,-.06730217,-.06283234,-.07205975,-.04549001,-.05278402,-.08375686,-.08216939,-.04385638
2001m4,.04426088,.05612736,.06024501,.07089848,.07716797,.05322376,.03201214,.05309429,.06703807,.05619802
2001m5,.0163064,.05231457,.05458417,.03644286,.05456056,.05121556,.01874821,.01950321,.03309121,-.02170247
2001m6,.03672379,.01937927,-.00857416,.01209282,-.01381657,-.04684291,-.02194878,-.03392329,-.04991313,-.03753638
2001m7,.01986342,-.00512879,-.04595023,-.03335989,-.05502502,-.04100603,-.03411469,-.04425015,-.04658823,-.02229307
2001m8,-.00944616,.03292975,.02686537,.01697871,.00643202,.01239197,.01932131,.03098316,.00883548,-.03660809
2001m9,-.07620071,-.12403742,-.12810567,-.13551319,-.13600837,-.14413769,-.17355567,-.19817998,-.14444483,-.06823976
2001m10,.03687175,.12795684,.06155819,.07647986,.06772537,.06976747,.08587334,.06509896,.08538537,.01767311
2001m11,.12356066,.08935983,.12631438,.1464643,.14456188,.13603959,.12594673,.08767978,.11459439,.03494306
2001m12,.03204076,-.00485459,-.01545055,.01148045,.03183483,.02450917,.00018376,.02067152,.03244365,-.00026845
2002m1,-.02064924,-.01733045,.00574833,-.03127792,-.0101618,-.01600628,-.02771272,.00069578,-.02803888,-.01550446
2002m2,.02334891,-.00260461,-.01160584,-.02732345,-.03618526,.00543814,-.03916545,.01241053,-.0133012,.01530295
2002m3,.03619539,.05978352,.05181359,.05737105,.0675636,.02609551,.05819726,.06014633,.0614927,.02591208
2002m4,.04227596,.00511419,.04881866,.02532088,.01961851,-.01536386,.00696325,.02018547,-.0149504,-.03922051
2002m5,.01608586,.01589895,.00489712,.01905734,-.00036676,.0051721,.0208394,-.01076338,-.01581406,-.01993383
2002m6,-.03676938,-.06594583,-.07284146,-.07923467,-.0935195,-.09132778,-.09306181,-.07374465,-.1034246,-.07272419
2002m7,-.03085237,-.04043188,-.03628265,-.09885114,-.07983023,-.09147816,-.10693316,-.13713477,-.13432066,-.09278536
2002m8,.00581701,-.0083486,-.02019126,-.00531235,-.00988859,.00603981,-.00954244,.01768692,.02247295,.00565532
2002m9,-.0378194,-.08640925,-.08734357,-.11562038,-.09516978,-.0887559,-.09731335,-.08572459,-.10753457,-.09235719
2002m10,.04588974,.00660059,.02559311,-.00356904,.00225134,-.00865664,-.01518754,-.00262012,.04952103,.0497493
2002m11,.07328087,.10939552,.08976579,.09427095,.07624219,.09114151,.06003693,.05082968,.02783495,.02754353
2002m12,-.07224131,-.04090077,-.01195825,.00186109,-.02611295,-.02600643,-.02817236,-.05594985,-.06083879,-.02909947
2003m1,-.02451638,-.03814946,-.03471266,-.06734027,-.03273963,-.05584209,-.07495135,-.04128284,-.0731145,-.08212812
2003m2,.02191057,-.02022754,-.00301525,-.02431212,-.00112624,.01876478,-.02307658,.00461565,-.00004526,.02162383
2003m3,-.02989138,.01368864,-.06883696,-.01630112,-.01581707,-.02134937,-.01810368,.00752349,-.00631235,.0023372
2003m4,.03685626,.10895346,.09687255,.11837726,.11991449,.10243245,.1018876,.09355651,.11623029,.0755545
2003m5,.20315115,.11531851,.13071575,.14995044,.11998629,.12944142,.1214399,.08968298,.10416491,.03679564
2003m6,.09759308,.07686843,.07338692,.06963464,.0329963,.04606747,.04520486,.04354183,.02771444,-.00950543
2003m7,.04052232,.14281091,.08890487,.08451304,.14069112,.09448614,.07559582,.05781071,.07447105,.02540768
2003m8,.13374074,.14248585,.11101213,.08281284,.10911522,.05808783,.06328306,.04171715,.05244102,.0175062
2003m9,-.00969137,-.02664414,.02116546,.0009943,.01531753,-.02293347,-.00605104,-.01295181,-.01623703,-.00657323
2003m10,.0403719,.04384426,.06788859,.04332451,.06940722,.05553907,.02914952,.04439934,.04220455,.04499623
2003m11,.00482253,.02038022,.01565799,-.00021874,-.00789701,-.01834388,.01147142,-.00307512,.00329921,.01852498
2003m12,.03853753,.07343247,.04907747,.04114883,.03939389,.02928874,.00375184,.01360122,.0293526,.03708926
2004m1,.05539895,.08456497,.10625162,.05121152,.0780338,.0835092,.05872061,.04626387,.02380326,-.02003324
2004m2,.05206043,.03598008,.05908142,.01925217,.03966151,.02230253,.03199989,.03979255,.04005896,.03035143
2004m3,-.0593181,-.03823256,-.06124375,-.01771805,-.03226388,-.00553005,-.01288846,.00439318,.01111408,-.01078895
2004m4,.0173586,.02820541,.0141807,-.0013924,.00967653,.00353847,-.00826575,.00960911,-.00736497,.02989584
2004m5,-.0481201,-.02902911,-.04477102,-.03090603,-.03731126,-.03790481,-.02651206,-.03566851,-.01484969,-.0094118
2004m6,.06331689,.0037799,.05578059,.07735518,.03734253,.02683135,.05015519,.0498167,.03112568,.01219255
2004m7,-.07409914,-.01884557,.04041074,-.02956521,-.03938881,-.03600118,-.01959172,-.03695762,-.03999781,-.00787141
2004m8,.02082865,-.0049973,.02602784,.00697497,-.00015682,.00050729,-.00042929,.00197076,.02539465,.00859591
2004m9,.05012334,.04797283,.01244005,.00661962,.02866677,.04517099,.03826834,.02208477,.0374994,.02812787
2004m10,.00234946,.04490982,.03394438,.04461307,.01956913,.02379658,.01699168,.00438277,.00813262,.01218633
2004m11,.00775672,.05287305,.02009005,.03835757,.03822763,.01822688,.0463474,.04361324,.04319817,.02252929
2004m12,.00848419,.05939776,.02704838,.03262525,.02453801,.04905592,.04771614,.05658826,.05828104,.01343056
2005m1,.00689922,.07214815,.05078046,.04712038,.02833276,.05339094,.04217903,.03248164,.02569112,.00761821
2005m2,.11547776,.05505409,.0637651,.01352098,.03032767,.02197805,-.0011931,.01879483,.02460273,.03747506
2005m3,-.00671279,-.02560198,-.01064362,-.01736841,-.00372097,-.00930335,-.00807555,-.00537386,-.01965716,-.00783028
2005m4,-.02956478,-.04614679,-.02333961,-.03654104,-.01382231,-.03732269,-.04815701,-.05879527,-.05977466,-.00834933
2005m5,.00507086,.00117654,.02171956,-.00479031,-.01465869,.02461066,.04421245,.05246024,.06357809,.04142607
2005m6,.03690085,.03051939,.03020808,.05644053,.03389386,.04067853,.04014009,.04154134,.03443495,.02638607
2005m7,.02938614,.02761049,.0158771,.01901874,.05008217,.03810596,.04377021,.0379355,.01771186,.04509583
2005m8,-.02697717,.06296596,.0141454,.02148854,.03582033,.03556759,.02436439,.0236327,.01551757,.01304958
2005m9,-.02263222,-.00499642,-.00785627,.02088282,-.00962676,.0202243,.02841878,.0378522,.03539058,.0427426
2005m10,-.06605524,-.08214298,-.03465024,-.0188393,-.04332063,-.03500746,-.03453408,-.03016658,-.02529318,-.0251092
2005m11,.02773545,.04942948,.02737064,.05513786,.04938325,.06317193,.09465609,.08300521,.07655512,.01279017
2005m12,.01595874,.00123678,.01438926,.03949527,.05239061,.04121594,.04415933,.0609862,.0580467,.03848683
2006m1,-.01746531,.03843979,.05323555,.05478557,.07289409,.05563601,.04357703,.0334213,.046214,.02256823
2006m2,.00668934,.01055376,.02073614,.02873947,.02415798,.02140937,.03950899,.02560932,.03560889,.00089292
2006m3,-.01808955,.04085342,-.00342315,.01060668,.02329138,.02988429,.03580155,.04569462,.04994367,.0458177
2006m4,.0208543,.01961435,.02102997,.01341221,.00070125,.00375837,.01029278,-.00142196,.01055204,.01938981
2006m5,-.01529705,-.06327096,-.05930981,-.03446925,-.03949712,-.04136965,-.04987083,-.03838336,-.05337955,-.04306578
2006m6,-.00783148,-.02669483,.00241748,-.01750052,.00090318,-.00204742,.01977939,.01114766,.02041058,.01972742
2006m7,.02156154,.01433894,.02074364,.02166815,-.01106269,-.00246574,-.0056904,-.00301135,.00797605,.01760099
2006m8,.04792011,.0481765,.02549048,.03372926,.0200591,.0216686,.01649463,.02864726,.02009344,.00187466
2006m9,.03620741,.03947781,.04395567,.03485379,.04500582,.0307178,.0527936,.04376203,.02821876,.00800608
2006m10,.01394046,.03854495,.03842719,.01832149,.02229975,.03312181,.04128027,.04373208,.03258415,.03152609
2006m11,-.02379469,.01160933,.00728948,-.01631482,.00307373,.02592026,.0401256,.02761119,.02368539,-.00322881
2006m12,.02112951,.06249673,.07953638,.07570853,.09580606,.06363208,.05510077,.05227105,.04634874,.02455622
2007m1,-.01918378,.01756794,.00084236,.03093327,.0201637,.01885741,-.01055565,-.01377019,-.01641432,-.00125702
2007m2,-.018216,.00794578,.00223899,.01094897,.00949217,.0041686,.00499847,-.00085518,-.00559122,.00623737
2007m3,.02742747,.06124234,-.01077191,.00608641,.01234006,.03152275,.04933537,.06096211,.05735615,.03654078
2007m4,.03408613,.04041143,.06487407,.03271899,.03070764,.01578398,.00706789,.02546187,.01564124,.02206236
2007m5,.0025352,.00634086,.01082701,.01630774,.00919219,.01746482,.01756969,.02610118,.02585638,.03699187
2007m6,.00949484,.00233395,-.0053437,-.02414272,-.05254605,-.04341838,-.06129292,-.05074107,-.03888339,.01249131
2007m7,-.03336788,-.02372224,-.04765774,-.01466905,-.01074413,-.0311008,-.00831888,-.00300361,-.02870901,-.04074113
2007m8,-.0560547,-.02972856,-.03182941,-.00463909,-.03578667,-.0272029,.00030961,-.00501816,-.00872074,.00663977
2007m9,-.01315906,-.02417291,-.03879574,-.03305069,-.03268244,-.05312668,-.05986207,-.02687909,-.00875271,.0458084
2007m10,.0232274,-.01924168,.02672842,.03125466,.02528795,.0701986,.08744975,.07698335,.05727719,.04772451
2007m11,-.09980488,-.1330315,-.13347386,-.11071847,-.13196635,-.12063003,-.07958241,-.07219089,-.07834683,-.01558396
2007m12,-.00038327,-.05569418,-.02027014,-.01767394,-.0165582,-.03144584,-.01698488,-.01064641,-.00211157,.01205138
2008m1,-.06106173,-.0489789,-.09224809,-.07645767,-.10776643,-.07205256,-.06121331,-.07425834,-.0963882,-.08269423
2008m2,.03124955,.04245856,.05697968,.05277805,.04049597,.04323613,.03877955,.04132766,-.01551679,.01308595
2008m3,-.04402302,-.07492132,-.03828372,-.03933614,-.0496434,-.0219398,-.00973449,-.00666749,-.01788423,-.03788132
2008m4,-.01843258,.03187324,.04293236,.02134608,.04184055,.02026719,.0095291,.01305907,.00254189,.08420304
2008m5,.01296369,-.01298939,.02284157,-.00215983,-.02753592,.00077519,.00333439,.00802193,-.00331485,.01881228
2008m6,-.03411112,-.08379826,-.04878203,-.03428553,-.0997239,-.07205421,-.08344774,-.05823457,-.09890032,-.04448911
2008m7,-.10151575,-.04406471,-.02513288,-.04239204,-.0593201,-.02647105,-.04448269,-.04924807,-.04041454,-.0545822
2008m8,.06487559,.03087304,.02142816,.02155449,.01597255,.07903989,.05862758,.04585544,.0814685,.04251961
2008m9,-.14792917,-.07624277,-.09668003,-.16047911,-.12249473,-.1533035,-.14329276,-.17090232,-.15408526,-.13981711
2008m10,-.12508145,-.21210545,-.22673373,-.22825355,-.19349108,-.17592802,-.24188587,-.26001057,-.1938648,-.06536058
2008m11,-.03578599,-.09415065,-.11430474,-.08180068,-.07912761,-.0967067,-.06191322,-.05483469,.00169127,-.01506257
2008m12,-.04180851,-.07364108,-.07036553,-.03173708,.03754838,.01908852,.0388532,.07701156,.03876759,.06126346
2009m1,-.06131237,-.00346681,-.04871032,-.00283974,-.01405671,.0341259,-.03941823,-.00348028,-.03148648,-.04099326
2009m2,-.03659292,.02968124,.02164004,-.03528213,-.02016161,-.01385112,-.03654323,-.01928079,-.01470014,-.05566492
2009m3,.01846349,.05490518,.0187619,.00778649,.0051876,.03856602,.03953079,.08092394,.05962163,.02652644
2009m4,.23697033,.25260693,.25092185,.24804227,.23161498,.21249513,.24072975,.19532564,.13897749,.04795791
2009m5,.04109322,.03286814,.07288912,.00008086,.04783626,.0240824,.06377195,-.00106236,.03659754,.03990994
2009m6,-.00213286,.03731596,.07347582,.00555901,.0129345,-.01969151,-.03752394,-.00331283,-.02930964,-.02498032
2009m7,.01833471,.03176484,.04973575,.0538327,.06491348,.09819747,.0880302,.07350646,.07073875,.07426571
2009m8,.05307101,.12975369,.11687813,.13804144,.14552743,.13900933,.09926348,.10372663,.0889404,.05071255
2009m9,.07611921,.06401938,.05079478,.08152641,.06496949,.05912301,.0251805,.0374477,.06545305,.04798474
2009m10,.02522372,.00573254,.0151383,.00546606,-.04132835,-.0067707,-.02176928,-.02430824,-.01637703,.00007065
2009m11,-.04552451,-.06115595,.01419241,-.01824017,-.05868184,-.03732654,-.01027564,.0106268,.02443246,.0475721
2009m12,-.0313521,.01134496,.00276782,-.01305618,.03006622,.04519199,.02669728,.04316111,.05282164,.05461784
2010m1,.04968467,.0209573,.01727508,.03730567,.0376629,-.00612576,.00335197,-.01516459,-.02073577,-.04155675
2010m2,.02104331,-.01975698,-.01408124,.00425812,-.01611521,-.00674319,-.00295055,.02298074,.02087071,.03063863
2010m3,.02979807,.02209543,.02941632,.03008376,.02335831,.04494444,.0860439,.09592732,.0992606,.07564388
2010m4,.08998912,.09941099,.04228288,.02518476,.05021392,.03005184,.0387083,.02015725,.00340922,-.03222837
2010m5,-.06492194,-.0534908,-.04519816,-.05335463,-.07788349,-.07970596,-.08179825,-.06414856,-.06006108,-.05971343
2010m6,-.0296641,-.03049242,.03046949,.00398289,-.01015975,.00237217,-.02986175,-.02742808,-.02608023,-.05610121
2010m7,-.02943687,.02216057,.02230675,.03616512,.02855507,.06596779,.05946358,.07146813,.07708796,.06117027
2010m8,.04054266,.0419067,.0066381,-.00190054,.01596544,-.00034766,-.0163752,.00268269,-.01500166,.0040798
2010m9,-.05288927,.03504438,.07891551,.09519109,.08513574,.0864469,.07986953,.06496831,.09106092,.07200783
2010m10,.04420024,.06616063,.04320428,.04687091,.02490858,.02476591,.04617327,.03310718,.04709883,.02814758
2010m11,-.00699041,-.00108388,-.01715623,-.01117682,-.03833875,-.02788725,-.01408125,-.00951004,-.01764825,-.01490989
2010m12,.06808892,.10462889,.08374332,.06571735,.10015731,.11186599,.0936337,.09907702,.08859068,.08085175
2011m1,.04542894,-.0046606,.02436654,.02882974,.02540827,-.01856289,-.01306326,-.02165035,-.01329046,-.02151533
2011m2,-.01438537,-.01063442,.01284811,.00255326,.01441101,.00665907,.00526055,.00826925,.03222784,.02732968
2011m3,-.00987864,.00215525,-.02452594,-.01557947,.00710622,.01098649,-.00313799,-.01114633,-.01809573,-.00202196
2011m4,-.00427948,.01050048,.03134801,.0216193,.04041012,.05983793,.06217589,.04155192,.04057083,.02662805
2011m5,-.01267906,.01785073,-.00163143,.0192108,.01084997,-.00723233,.01030557,.00547752,.00005006,-.00381839
2011m6,.01611751,-.00915355,.03782577,-.01556121,-.01256596,-.00529763,-.01467962,-.00164419,-.0057456,.00085265
2011m7,-.00652728,-.02114989,-.00809794,.01470324,-.00438167,-.02542818,-.00588024,-.03399656,-.02646985,-.01134576
2011m8,-.10846368,-.07337584,-.06248625,-.08359916,-.0888972,-.10450523,-.08917693,-.08968918,-.08088375,-.05177939
2011m9,-.03325594,-.07933047,-.06716703,-.03568673,-.05842485,-.06102737,-.03999527,-.07427081,-.08479164,-.05053613
2011m10,-.03762962,-.01721731,-.00655315,-.00548158,.01769812,.06889354,.06138562,.07431026,.09458263,.08006854
2011m11,-.04980988,-.0681862,-.05005216,-.03242177,-.04412544,-.02160047,-.01527598,-.02961587,-.02257816,.01154836
2011m12,.04425479,-.04081017,-.01974503,.01798085,-.00411097,-.0458991,-.02288534,-.03040734,-.01892958,.00938155
2012m1,.105889,.03777582,.04097537,.08056658,.0969513,.06430568,.12354088,.07888949,.05268766,.01127787
2012m2,.00765245,.05557732,.03207815,.086,.06080457,.07145349,.07567283,.06388423,.06625881,.03203458
2012m3,.04847712,.02283302,.01583258,.03113393,.02510172,.01769245,.01550208,-.00277042,.00292411,-.01978198
2012m4,-.01998611,-.00901442,-.01810174,.01375721,.00161988,-.00780854,-.00087129,-.00752982,.00635807,.00441788
2012m5,-.08351809,-.03786991,-.08364301,-.06171082,-.0747092,-.07528242,-.079923,-.06735686,-.07061601,-.06253939
2012m6,-.01879495,-.00731742,.03059194,.03570824,.03311328,.01630599,.02869835,.03791607,.03120832,.0425257
2012m7,-.02712001,-.00128865,-.00085733,-.01238615,.02838709,.03067049,.00986869,.02223858,.0265488,.01672422
2012m8,.04624191,.03284412,.03888576,.05298604,.05612208,.03125008,.04098176,.0298911,.02085463,.01884354
2012m9,.03647117,.04932137,.0356171,.00756417,.03607079,.04385444,.05424438,.02550142,.02661382,-.00137405
2012m10,.05843869,.00913378,.01722503,.03336267,.00128293,.00597877,.02119766,.03898357,.02213044,.00007943
2012m11,-.0757115,.01964384,-.01110462,.01444945,-.00707426,.01172087,.00988833,.01207088,.01936908,.01174961
2012m12,.04497124,.02833206,.02275797,.05802353,.05974924,.04444358,.04533691,.02759876,.02114005,-.00170419
2013m1,.0244566,.06797364,.04762205,.07555724,.05712115,.04455586,.04427383,.04789933,.06780469,.05695245
2013m2,.03804071,.01481557,.03308288,.03349421,.03663746,.04359534,.04469565,.05178228,.04419849,.01301059
2013m3,-.06768186,-.00719868,.03253993,.02624347,.01663793,.01958133,.0127165,.0118857,.00588856,.02225733
2013m4,.03748487,-.00987666,.02050778,.02136097,.01362646,.00353873,-.00380345,.00269556,.005318,-.00199249
2013m5,.01937818,.03495315,.05443697,.04998008,.07380356,.03179572,.02490954,.0389661,.03684912,.01907318
2013m6,-.04451365,.00930886,-.02153913,.00256459,-.02125813,-.02136643,-.04040901,-.02847724,-.05499218,-.05250455
2013m7,.01295525,.03782906,.06775377,.0824684,.08942051,.07703413,.08732016,.086645,.08436869,.05798068
2013m8,.07422158,.03743439,.04753971,.02125578,.02146929,-.00448169,.01460765,-.01539813,-.02817459,-.01409889
2013m9,.07401226,.0532038,.04763752,.04586361,.02991241,.01223305,.02255554,.01721312,.02082424,.00348403
2013m10,.08369723,.0450168,.02499144,.02036828,.03046431,.04978685,.03953122,.0362953,.056279,.04147108
2013m11,-.00341939,.0235146,.00498497,-.00423118,.00613402,.01218396,.00813868,-.00765116,-.0192658,-.01204023
2013m12,-.01596204,.024752,.01903898,.02307337,.02578663,.04062293,.01873772,.03576872,.0373988,.01832532
2014m1,.02306689,.06129794,.03332041,.00632813,.05254977,.01965507,-.02129817,-.03453771,-.01488899,-.0393917
2014m2,.0661469,.04398355,.00768041,.03701527,.04514965,.05124632,.0903144,.07443271,.06875816,.05663728
2014m3,-.01537829,-.02511474,-.02176773,-.03420164,-.02653253,-.0234117,-.02688255,-.03223492,-.01693835,-.02501
2014m4,.00787389,.03281006,.02420743,-.0004382,-.00974584,-.0495966,-.03834375,-.02913422,-.00485959,.0324372
2014m5,-.02799494,-.02278239,-.00904616,-.00259709,.01519706,.00529038,.01280388,.00807933,.02421231,.00674803
2014m6,-.01262084,-.01373678,-.00961282,-.00536575,-.00062966,-.02818022,-.02200591,-.01988129,-.01578953,-.00636094
2014m7,-.01925939,-.01579615,.00213921,-.01678642,-.00363514,-.01855886,-.0092349,-.01058321,-.02905054,-.0084482
2014m8,.02519372,-.00674682,.00685574,.01802922,-.00008086,.03912526,.01726499,.02485187,.03373442,.01892991
2014m9,-.02028309,-.00774343,-.02012972,-.02438939,-.02911976,-.02887405,-.0240055,-.04760903,-.03727341,-.02940497
2014m10,-.04472995,-.03589704,-.02994113,-.02407238,-.02619841,.00944491,-.02259499,.01336666,.01947237,-.01223934
2014m11,.0109391,.0159966,-.01533038,.00917724,-.01449289,.0322071,.00377088,.04033441,.04266636,.03296533
2014m12,.00850155,-.01048122,.01966383,.01565134,.01724099,.02607138,.02638745,.00974236,.00952149,-.02634374
2015m1,-.01587761,.00936054,-.00103941,.00356262,-.01727492,.02836072,-.01131604,.0186173,.0363021,.03263025
2015m2,.00376565,.04575157,.03533934,.03988067,.07343102,.05153422,.06939096,.05994632,.03091119,.0359199
2015m3,-.00927686,.00531091,-.01731249,.01371621,.01179843,.004861,-.04406454,-.00698671,-.00555637,-.03093748
2015m4,.04961055,.02425363,.01397238,.03058726,.02846626,.03555977,.03161547,.02488847,.02464264,.03165867
2015m5,.03513193,.03831643,.04773887,.03381108,.04693971,.04551827,.04819853,.04349019,.03226976,.00145087
2015m6,.01862953,.02018905,.01737557,-.01990602,-.02897521,-.01838287,-.01825643,-.03657272,-.05170229,-.06844695
